created_at,level_date,symbol,price,strategy,category,engagement,score,level_type,session_context,volume,delta,hit_count,time_spent_mins,last_hit_timestamp,note
2025-09-01 12:59:59,2025-09-01,ES.v.0,6478.25,TARGET_EXIT,MAGNET,NEUTRAL_ZONE,10.0,MAGNET,AM_SESSION,9462,30,851,81.99,2025-09-05 15:02:59,Vol: 2450 | Ratio: 0.00 + SINGLE_PRINT
2025-09-02 16:29:59,2025-09-02,ES.v.0,6426.75,TARGET_EXIT,MAGNET,NEUTRAL_ZONE,10.0,MAGNET,PM_SESSION,43704,0,26,1.87,2025-09-03 14:40:38,Vol: 17759 | Ratio: 0.00 + MAGNET
2025-09-02 16:00:04,2025-09-02,ES.v.0,6428.0,REVERSAL_ENTRY,SINGLE_PRINT,SHORT_DEFENSE,4.309787527474897,SELLING_TAIL,PM_SESSION,33553,0,72,5.18,2025-09-03 15:11:23,"Tail (64t) [MODERATE: Vol=HIGH, Δ=WEAK, Time=LATE]"
2025-09-03 16:29:57,2025-09-03,ES.v.0,6450.0,TARGET_EXIT,MAGNET,NEUTRAL_ZONE,10.0,MAGNET,AM_SESSION,40989,0,0,0.0,,Vol: 21681 | Ratio: 0.00 + MAGNET
2025-09-04 16:29:59,2025-09-04,ES.v.0,6511.0,REVERSAL_ENTRY,SUPER_WALL,SHORT_DEFENSE,10.0,ASK_ABSORPTION,PM_SESSION,59517,0,569,61.36,2025-09-09 13:23:26,Vol: 15238 | Ratio: 0.00 + SUPER_WALL
2025-09-04 10:17:00,2025-09-04,ES.v.0,6463.0,REVERSAL_ENTRY,SINGLE_PRINT,LONG_DEFENSE,2.2857544748039524,BUYING_TAIL,AM_SESSION,58409,0,160,6.0,2025-09-05 11:13:22,"Tail (28t) [STRONG: Vol=HIGH, Δ=WEAK, Time=EARLY]"
2025-09-04 16:07:14,2025-09-04,ES.v.0,6513.0,REVERSAL_ENTRY,SINGLE_PRINT,SHORT_DEFENSE,1.7582726729261173,SELLING_TAIL,PM_SESSION,6301,0,540,62.13,2025-09-09 15:16:31,"Tail (14t) [MODERATE: Vol=MODERATE, Δ=WEAK, Time=LATE]"
2025-09-04 15:01:00,2025-09-04,ES.v.0,6499.0,REVERSAL_ENTRY,SINGLE_PRINT,NEUTRAL_ZONE,1.0549636037556702,GAP_ZONE,PM_SESSION,8071,0,769,93.58,2025-09-09 12:03:01,"Gap (4t) [WEAK: Vol=MODERATE, Δ=WEAK, Time=LATE]"
2025-09-04 15:40:38,2025-09-04,ES.v.0,6506.5,REVERSAL_ENTRY,SINGLE_PRINT,NEUTRAL_ZONE,1.0549636037556702,GAP_ZONE,PM_SESSION,27180,0,1205,126.66,2025-09-09 12:55:07,"Gap (16t) [WEAK: Vol=HIGH, Δ=WEAK, Time=LATE]"
2025-09-05 16:29:57,2025-09-05,ES.v.0,6480.0,TARGET_EXIT,MAGNET,NEUTRAL_ZONE,10.0,MAGNET,AM_SESSION,57720,0,0,0.0,,Vol: 15257 | Ratio: 0.00 + MAGNET
2025-09-05 09:52:14,2025-09-05,ES.v.0,6530.5,REVERSAL_ENTRY,SINGLE_PRINT,SHORT_DEFENSE,4.752677951230212,SELLING_TAIL,AM_SESSION,138443,0,148,17.55,2025-09-10 15:43:47,"Tail (46t) [STRONG: Vol=HIGH, Δ=WEAK, Time=EARLY]"
2025-09-05 11:10:34,2025-09-05,ES.v.0,6459.25,REVERSAL_ENTRY,SINGLE_PRINT,LONG_DEFENSE,3.655906116330933,BUYING_TAIL,AM_SESSION,33131,105,0,0.0,,"Tail (30t) [MODERATE: Vol=HIGH, Δ=WEAK, Time=MIDDAY]"
2025-09-05 10:22:53,2025-09-05,ES.v.0,6509.0,REVERSAL_ENTRY,SINGLE_PRINT,NEUTRAL_ZONE,2.7419295872481997,GAP_ZONE,AM_SESSION,146334,0,570,45.71,2025-09-09 13:20:37,"Gap (126t) [MODERATE: Vol=HIGH, Δ=WEAK, Time=EARLY]"
2025-09-08 16:29:55,2025-09-08,ES.v.0,6503.0,TARGET_EXIT,MAGNET,NEUTRAL_ZONE,10.0,MAGNET,PM_SESSION,24028,0,342,32.0,2025-09-09 12:25:13,Vol: 24028 | Ratio: 0.00
2025-09-08 16:29:55,2025-09-08,ES.v.0,6505.75,TARGET_EXIT,MAGNET,NEUTRAL_ZONE,9.960343688037012,MAGNET,PM_SESSION,23039,0,552,57.23,2025-09-09 12:54:51,Vol: 23039 | Ratio: 0.00
2025-09-08 13:52:43,2025-09-08,ES.v.0,6490.5,REVERSAL_ENTRY,SINGLE_PRINT,NEUTRAL_ZONE,3.717779246530072,GAP_ZONE,PM_SESSION,1576,0,65,1.8,2025-09-09 10:44:41,"Gap (4t) [MODERATE: Vol=LOW, Δ=WEAK, Time=MIDDAY] [PM_WEAK]"
2025-09-09 16:29:59,2025-09-09,ES.v.0,6507.0,TARGET_EXIT,MAGNET,NEUTRAL_ZONE,10.0,MAGNET,AM_SESSION,31131,0,0,0.0,,Vol: 16130 | Ratio: 0.00 + MAGNET
2025-09-09 10:43:45,2025-09-09,ES.v.0,6494.75,REVERSAL_ENTRY,SINGLE_PRINT,LONG_DEFENSE,6.8943572337717445,BUYING_TAIL,AM_SESSION,53247,0,0,0.0,,"Tail (23t) [STRONG: Vol=HIGH, Δ=WEAK, Time=EARLY]"
2025-09-09 16:12:21,2025-09-09,ES.v.0,6526.5,REVERSAL_ENTRY,SINGLE_PRINT,SHORT_DEFENSE,4.2426813746287655,SELLING_TAIL,PM_SESSION,3753,0,107,10.78,2025-09-10 15:41:20,"Tail (9t) [WEAK: Vol=LOW, Δ=WEAK, Time=LATE]"
2025-09-10 16:29:58,2025-09-10,ES.v.0,6539.25,TARGET_EXIT,MAGNET,NEUTRAL_ZONE,10.0,MAGNET,PM_SESSION,42993,0,7,0.02,2025-11-21 10:37:14,Vol: 21483 | Ratio: 0.00 + MAGNET
2025-09-10 10:01:56,2025-09-10,ES.v.0,6557.5,REVERSAL_ENTRY,SINGLE_PRINT,SHORT_DEFENSE,6.684491978609626,SELLING_TAIL,AM_SESSION,76174,0,902,50.47,2025-11-21 11:20:12,"Tail (20t) [STRONG: Vol=HIGH, Δ=WEAK, Time=EARLY]"
2025-09-11 16:29:59,2025-09-11,ES.v.0,6591.75,TARGET_EXIT,MAGNET,NEUTRAL_ZONE,10.0,MAGNET,PM_SESSION,61583,0,1707,138.47,2025-11-21 11:35:56,Vol: 31106 | Ratio: 0.00 + MAGNET
2025-09-11 09:45:51,2025-09-11,ES.v.0,6569.75,REVERSAL_ENTRY,SINGLE_PRINT,LONG_DEFENSE,6.44617444339763,BUYING_TAIL,AM_SESSION,126599,0,820,28.37,2025-11-21 11:21:36,"Tail (72t) [STRONG: Vol=HIGH, Δ=WEAK, Time=EARLY]"
2025-09-11 15:30:17,2025-09-11,ES.v.0,6595.25,REVERSAL_ENTRY,SINGLE_PRINT,SHORT_DEFENSE,4.958595725690484,SELLING_TAIL,PM_SESSION,102855,0,1755,105.25,2025-11-21 11:36:12,"Tail (20t) [MODERATE: Vol=HIGH, Δ=WEAK, Time=LATE]"
2025-09-11 10:00:01,2025-09-11,ES.v.0,6573.5,REVERSAL_ENTRY,SINGLE_PRINT,NEUTRAL_ZONE,3.718946794267863,GAP_ZONE,AM_SESSION,37777,0,624,18.35,2025-11-21 11:24:01,"Gap (8t) [MODERATE: Vol=HIGH, Δ=WEAK, Time=EARLY]"
2025-09-11 10:33:16,2025-09-11,ES.v.0,6580.5,TARGET_EXIT,MAGNET,NEUTRAL_ZONE,2.6032627559875037,GAP_ZONE,AM_SESSION,24972,0,902,41.65,2025-11-21 11:28:01,"Gap (10t) [MODERATE: Vol=HIGH, Δ=WEAK, Time=EARLY] [RECLASS: CHOP]"
2025-09-12 16:29:58,2025-09-12,ES.v.0,6587.75,TARGET_EXIT,MAGNET,NEUTRAL_ZONE,10.0,MAGNET,PM_SESSION,26153,0,717,28.9,2025-11-21 11:35:03,Vol: 26153 | Ratio: 0.00
2025-09-12 15:42:05,2025-09-12,ES.v.0,6584.75,REVERSAL_ENTRY,SINGLE_PRINT,LONG_DEFENSE,6.553079947575361,BUYING_TAIL,PM_SESSION,5582,0,722,31.93,2025-11-21 11:32:15,"Tail (8t) [MODERATE: Vol=MODERATE, Δ=WEAK, Time=LATE]"
2025-09-12 14:52:43,2025-09-12,ES.v.0,6603.75,REVERSAL_ENTRY,SINGLE_PRINT,SHORT_DEFENSE,4.91480996068152,SELLING_TAIL,PM_SESSION,6399,0,852,38.51,2025-11-21 13:20:02,"Tail (10t) [MODERATE: Vol=MODERATE, Δ=WEAK, Time=LATE] [PM_WEAK]"
2025-09-15 16:29:59,2025-09-15,ES.v.0,6612.0,TARGET_EXIT,MAGNET,NEUTRAL_ZONE,10.0,MAGNET,PM_SESSION,9183,0,1733,123.58,2025-11-21 13:30:05,Vol: 9183 | Ratio: 0.00
2025-09-15 14:43:56,2025-09-15,ES.v.0,6607.5,REVERSAL_ENTRY,SINGLE_PRINT,LONG_DEFENSE,4.382761139517896,BUYING_TAIL,PM_SESSION,2136,81,1082,61.84,2025-11-21 13:29:07,"Tail (9t) [WEAK: Vol=LOW, Δ=WEAK, Time=LATE] [PM_WEAK]"
2025-09-16 16:29:41,2025-09-16,ES.v.0,6611.75,TARGET_EXIT,MAGNET,NEUTRAL_ZONE,10.0,MAGNET,PM_SESSION,15696,0,1390,54.14,2025-11-21 13:30:04,Vol: 8012 | Ratio: 0.00 + MAGNET
2025-09-16 09:40:59,2025-09-16,ES.v.0,6620.0,REVERSAL_ENTRY,SINGLE_PRINT,SHORT_DEFENSE,7.426025362732778,SELLING_TAIL,AM_SESSION,17011,0,1475,44.24,2025-11-21 15:59:58,"Tail (42t) [STRONG: Vol=HIGH, Δ=WEAK, Time=EARLY]"
2025-09-16 11:42:39,2025-09-16,ES.v.0,6605.0,REVERSAL_ENTRY,SINGLE_PRINT,NEUTRAL_ZONE,4.2842454015766025,GAP_ZONE,AM_SESSION,1078,4,934,33.96,2025-11-21 13:27:33,"Gap (7t) [MODERATE: Vol=LOW, Δ=WEAK, Time=MIDDAY]"
2025-09-17 16:29:59,2025-09-17,ES.v.0,6661.25,TARGET_EXIT,MAGNET,NEUTRAL_ZONE,10.0,MAGNET,AM_SESSION,86340,0,4556,275.28,2025-11-24 09:57:20,Vol: 22911 | Ratio: 0.00 + MAGNET
2025-09-17 14:54:17,2025-09-17,ES.v.0,6639.75,REVERSAL_ENTRY,SINGLE_PRINT,LONG_DEFENSE,2.6313019682138723,BUYING_TAIL,PM_SESSION,125878,0,1818,87.21,2025-11-21 15:50:25,"Tail (116t) [MODERATE: Vol=HIGH, Δ=WEAK, Time=LATE] [PM_WEAK]"
2025-09-17 14:00:01,2025-09-17,ES.v.0,6676.25,REVERSAL_ENTRY,SINGLE_PRINT,SHORT_DEFENSE,2.6313019682138723,SELLING_TAIL,PM_SESSION,47917,0,4563,238.24,2025-11-25 09:50:20,"Tail (42t) [MODERATE: Vol=HIGH, Δ=WEAK, Time=LATE] [PM_WEAK]"
2025-09-18 16:29:57,2025-09-18,ES.v.0,6697.0,TARGET_EXIT,MAGNET,NEUTRAL_ZONE,10.0,MAGNET,PM_SESSION,43275,0,4566,290.34,2025-11-25 10:05:35,Vol: 21996 | Ratio: 0.00 + MAGNET
2025-09-18 09:47:31,2025-09-18,ES.v.0,6687.75,REVERSAL_ENTRY,SINGLE_PRINT,LONG_DEFENSE,6.671798819604824,BUYING_TAIL,AM_SESSION,146860,53,3916,229.75,2025-11-25 09:51:14,"Tail (71t) [STRONG: Vol=HIGH, Δ=WEAK, Time=EARLY]"
2025-09-18 10:30:00,2025-09-18,ES.v.0,6713.75,REVERSAL_ENTRY,SINGLE_PRINT,SHORT_DEFENSE,6.671798819604824,SELLING_TAIL,AM_SESSION,16929,0,4745,365.87,2025-11-25 10:29:53,"Tail (18t) [STRONG: Vol=HIGH, Δ=WEAK, Time=EARLY]"
2025-09-19 16:29:59,2025-09-19,ES.v.0,6725.0,REVERSAL_ENTRY,WALL,SHORT_DEFENSE,10.0,ASK_ABSORPTION,PM_SESSION,13471,0,3356,249.2,2025-11-25 11:18:27,Vol: 13471 | Ratio: 0.00
2025-09-19 16:29:59,2025-09-19,ES.v.0,6721.5,TARGET_EXIT,MAGNET,NEUTRAL_ZONE,7.691903259726605,MAGNET,PM_SESSION,17226,0,3618,210.57,2025-11-25 11:16:19,Vol: 17226 | Ratio: 0.00
2025-09-19 16:29:59,2025-09-19,ES.v.0,6709.75,TARGET_EXIT,MAGNET,NEUTRAL_ZONE,7.660357518401683,MAGNET,PM_SESSION,16537,0,4597,356.99,2025-11-25 10:28:59,Vol: 16537 | Ratio: 0.00
2025-09-19 11:30:47,2025-09-19,ES.v.0,6689.75,REVERSAL_ENTRY,SINGLE_PRINT,LONG_DEFENSE,5.257623554153524,BUYING_TAIL,AM_SESSION,14106,0,3863,249.36,2025-11-25 10:05:06,"Tail (11t) [MODERATE: Vol=HIGH, Δ=WEAK, Time=MIDDAY]"
2025-09-19 15:50:45,2025-09-19,ES.v.0,6727.0,REVERSAL_ENTRY,SINGLE_PRINT,SHORT_DEFENSE,5.257623554153524,SELLING_TAIL,PM_SESSION,49693,0,3189,184.56,2025-11-25 11:18:51,"Tail (19t) [MODERATE: Vol=HIGH, Δ=WEAK, Time=LATE]"
2025-09-19 14:40:21,2025-09-19,ES.v.0,6715.0,TARGET_EXIT,MAGNET,NEUTRAL_ZONE,1.6561514195583593,GAP_ZONE,PM_SESSION,5977,0,4535,310.88,2025-11-25 10:30:02,"Gap (8t) [WEAK: Vol=MODERATE, Δ=WEAK, Time=LATE] [RECLASS: CHOP] [PM_WEAK]"
2025-09-19 15:00:15,2025-09-19,ES.v.0,6718.5,REVERSAL_ENTRY,SINGLE_PRINT,NEUTRAL_ZONE,3.1545741324921135,GAP_ZONE,PM_SESSION,22423,0,3427,207.33,2025-11-25 11:15:08,"Gap (10t) [WEAK: Vol=HIGH, Δ=WEAK, Time=LATE]"
2025-09-22 16:29:58,2025-09-22,ES.v.0,6754.5,REVERSAL_ENTRY,SUPER_WALL,SHORT_DEFENSE,10.0,ASK_ABSORPTION,PM_SESSION,58219,0,3642,278.51,2025-11-25 14:41:00,Vol: 12369 | Ratio: 0.00 + WALL
2025-09-22 16:29:58,2025-09-22,ES.v.0,6751.75,REVERSAL_ENTRY,SUPER_WALL,SHORT_DEFENSE,8.914681287472389,ASK_ABSORPTION,PM_SESSION,47205,0,3365,222.09,2025-11-25 12:04:51,Vol: 12828 | Ratio: 0.00 + WALL
2025-09-22 16:29:58,2025-09-22,ES.v.0,6749.75,REVERSAL_ENTRY,SUPER_WALL,SHORT_DEFENSE,5.559719154307353,ASK_ABSORPTION,PM_SESSION,12034,0,3310,206.08,2025-11-25 12:03:40,Vol: 12034 | Ratio: 0.00
2025-09-22 16:29:58,2025-09-22,ES.v.0,6753.0,REVERSAL_ENTRY,WALL,SHORT_DEFENSE,3.6742663300725784,ASK_ABSORPTION,PM_SESSION,11075,0,3517,242.37,2025-11-25 12:08:58,Vol: 11075 | Ratio: 0.00
2025-09-22 09:30:00,2025-09-22,ES.v.0,6715.25,REVERSAL_ENTRY,SINGLE_PRINT,LONG_DEFENSE,2.563900284001263,BUYING_TAIL,AM_SESSION,87388,76,4496,298.13,2025-11-25 10:30:02,"Tail (39t) [STRONG: Vol=HIGH, Δ=WEAK, Time=EARLY]"
2025-09-22 10:03:13,2025-09-22,ES.v.0,6721.0,REVERSAL_ENTRY,SINGLE_PRINT,NEUTRAL_ZONE,1.4791732407699594,GAP_ZONE,AM_SESSION,34656,0,3669,194.11,2025-11-25 11:16:13,"Gap (13t) [MODERATE: Vol=HIGH, Δ=WEAK, Time=EARLY]"
2025-09-22 10:33:49,2025-09-22,ES.v.0,6727.0,TARGET_EXIT,MAGNET,NEUTRAL_ZONE,1.0354212685389714,GAP_ZONE,AM_SESSION,16266,0,3122,179.43,2025-11-25 11:18:51,"Gap (12t) [MODERATE: Vol=HIGH, Δ=WEAK, Time=EARLY] [RECLASS: CHOP]"
2025-09-22 12:15:34,2025-09-22,ES.v.0,6739.5,TARGET_EXIT,MAGNET,NEUTRAL_ZONE,0.7765659514042286,GAP_ZONE,PM_SESSION,27306,0,2744,178.51,2025-11-25 11:50:02,"Gap (16t) [MODERATE: Vol=HIGH, Δ=WEAK, Time=MIDDAY] [RECLASS: CHOP] [PM_WEAK]"
2025-09-23 16:29:59,2025-09-23,ES.v.0,6716.0,TARGET_EXIT,MAGNET,NEUTRAL_ZONE,10.0,MAGNET,PM_SESSION,52975,0,3340,231.18,2025-11-25 10:56:45,Vol: 19403 | Ratio: 0.00 + MAGNET
2025-09-23 16:29:59,2025-09-23,ES.v.0,6708.75,REVERSAL_ENTRY,WALL,LONG_DEFENSE,7.992020712193879,BID_ABSORPTION,PM_SESSION,12272,0,4270,301.24,2025-11-25 10:28:55,Vol: 12272 | Ratio: 0.00
2025-09-23 16:29:59,2025-09-23,ES.v.0,6752.0,REVERSAL_ENTRY,WALL,SHORT_DEFENSE,7.9410890878994955,ASK_ABSORPTION,AM_SESSION,11556,0,3097,188.74,2025-11-25 12:05:00,Vol: 11556 | Ratio: 0.00
2025-09-23 13:27:27,2025-09-23,ES.v.0,6726.0,TARGET_EXIT,MAGNET,NEUTRAL_ZONE,1.671193922159501,GAP_ZONE,PM_SESSION,49160,0,3258,194.19,2025-11-25 11:18:35,"Gap (41t) [MODERATE: Vol=HIGH, Δ=WEAK, Time=MIDDAY] [RECLASS: CHOP] [PM_WEAK]"
2025-09-23 09:39:07,2025-09-23,ES.v.0,6756.0,REVERSAL_ENTRY,SINGLE_PRINT,NEUTRAL_ZONE,3.1832265183990494,GAP_ZONE,AM_SESSION,1781,0,4169,308.47,2025-11-25 14:42:16,"Gap (4t) [MODERATE: Vol=LOW, Δ=WEAK, Time=EARLY]"
2025-09-23 11:40:04,2025-09-23,ES.v.0,6742.0,TARGET_EXIT,MAGNET,NEUTRAL_ZONE,1.7826068503034675,GAP_ZONE,AM_SESSION,9608,0,2536,165.68,2025-11-25 11:50:37,"Gap (5t) [WEAK: Vol=MODERATE, Δ=WEAK, Time=MIDDAY] [RECLASS: CHOP]"
2025-09-24 16:29:59,2025-09-24,ES.v.0,6692.0,TARGET_EXIT,MAGNET,NEUTRAL_ZONE,10.0,MAGNET,PM_SESSION,60924,0,3207,189.79,2025-11-25 10:05:20,Vol: 21261 | Ratio: 0.00 + MAGNET
2025-09-24 09:37:24,2025-09-24,ES.v.0,6719.25,REVERSAL_ENTRY,SINGLE_PRINT,SHORT_DEFENSE,5.449819736731785,SELLING_TAIL,AM_SESSION,50506,0,3217,179.52,2025-11-25 11:15:48,"Tail (38t) [STRONG: Vol=HIGH, Δ=WEAK, Time=EARLY]"
2025-09-24 12:12:35,2025-09-24,ES.v.0,6681.0,REVERSAL_ENTRY,SINGLE_PRINT,LONG_DEFENSE,3.1441267711914147,BUYING_TAIL,PM_SESSION,24043,36,3626,167.35,2025-11-25 09:50:38,"Tail (13t) [MODERATE: Vol=HIGH, Δ=WEAK, Time=MIDDAY] [PM_WEAK]"
2025-09-24 11:46:16,2025-09-24,ES.v.0,6703.0,TARGET_EXIT,MAGNET,NEUTRAL_ZONE,2.20088873983399,GAP_ZONE,AM_SESSION,32067,0,3546,227.26,2025-11-25 10:28:03,"Gap (23t) [MODERATE: Vol=HIGH, Δ=WEAK, Time=MIDDAY] [RECLASS: CHOP]"
2025-09-25 16:29:59,2025-09-25,ES.v.0,6660.0,TARGET_EXIT,MAGNET,NEUTRAL_ZONE,10.0,MAGNET,PM_SESSION,75119,0,3418,183.47,2025-11-24 09:56:37,Vol: 28612 | Ratio: 0.00 + MAGNET
2025-09-25 14:04:30,2025-09-25,ES.v.0,6631.0,REVERSAL_ENTRY,SINGLE_PRINT,LONG_DEFENSE,3.0689909157868893,BUYING_TAIL,PM_SESSION,34522,35,1990,98.88,2025-11-21 16:05:28,"Tail (28t) [MODERATE: Vol=HIGH, Δ=WEAK, Time=LATE] [PM_WEAK]"
2025-09-25 11:43:23,2025-09-25,ES.v.0,6673.25,REVERSAL_ENTRY,SINGLE_PRINT,SHORT_DEFENSE,4.091987887715852,SELLING_TAIL,AM_SESSION,7416,0,4256,219.71,2025-11-24 10:12:40,"Tail (8t) [MODERATE: Vol=MODERATE, Δ=WEAK, Time=MIDDAY]"
2025-09-26 16:29:59,2025-09-26,ES.v.0,6697.0,REVERSAL_ENTRY,WALL,SHORT_DEFENSE,10.0,ASK_ABSORPTION,PM_SESSION,31418,0,3694,210.01,2025-11-25 10:05:35,Vol: 15945 | Ratio: 0.00 + WALL
2025-09-26 16:29:59,2025-09-26,ES.v.0,6695.0,TARGET_EXIT,MAGNET,NEUTRAL_ZONE,7.617058519314157,MAGNET,PM_SESSION,36416,0,3355,185.9,2025-11-25 10:05:31,Vol: 18558 | Ratio: 0.00 + MAGNET
2025-09-26 10:00:13,2025-09-26,ES.v.0,6702.0,REVERSAL_ENTRY,SINGLE_PRINT,SHORT_DEFENSE,3.978199466921271,SELLING_TAIL,AM_SESSION,1260,0,3209,206.18,2025-11-25 10:27:43,"Tail (8t) [MODERATE: Vol=LOW, Δ=WEAK, Time=EARLY]"
2025-09-26 10:27:26,2025-09-26,ES.v.0,6657.75,REVERSAL_ENTRY,SINGLE_PRINT,NEUTRAL_ZONE,2.9836496001909536,GAP_ZONE,AM_SESSION,1677,0,3396,179.17,2025-11-24 09:56:04,"Gap (5t) [MODERATE: Vol=LOW, Δ=WEAK, Time=EARLY]"
2025-09-29 16:29:59,2025-09-29,ES.v.0,6714.25,TARGET_EXIT,MAGNET,NEUTRAL_ZONE,10.0,MAGNET,PM_SESSION,22401,0,3173,237.11,2025-11-25 10:30:01,Vol: 22401 | Ratio: 0.00
2025-09-29 16:29:59,2025-09-29,ES.v.0,6712.0,TARGET_EXIT,MAGNET,NEUTRAL_ZONE,9.900199600798404,MAGNET,PM_SESSION,20377,0,3061,222.88,2025-11-25 10:29:02,Vol: 20377 | Ratio: 0.00
2025-09-29 15:15:32,2025-09-29,ES.v.0,6699.25,REVERSAL_ENTRY,SINGLE_PRINT,LONG_DEFENSE,6.65335994677312,BUYING_TAIL,PM_SESSION,18263,8,3018,193.83,2025-11-25 10:23:27,"Tail (13t) [MODERATE: Vol=HIGH, Δ=WEAK, Time=LATE]"
2025-09-30 16:29:59,2025-09-30,ES.v.0,6702.75,TARGET_EXIT,MAGNET,NEUTRAL_ZONE,10.0,MAGNET,AM_SESSION,53982,0,2593,143.24,2025-11-25 10:28:02,Vol: 18117 | Ratio: 0.00 + MAGNET
2025-09-30 15:51:33,2025-09-30,ES.v.0,6739.0,REVERSAL_ENTRY,SINGLE_PRINT,SHORT_DEFENSE,4.250977724876722,SELLING_TAIL,PM_SESSION,116932,0,2446,149.36,2025-11-25 11:50:01,"Tail (19t) [MODERATE: Vol=HIGH, Δ=WEAK, Time=LATE]"
2025-09-30 11:27:25,2025-09-30,ES.v.0,6693.5,REVERSAL_ENTRY,SINGLE_PRINT,NEUTRAL_ZONE,3.1882332936575413,GAP_ZONE,AM_SESSION,878,0,3116,162.44,2025-11-25 10:05:30,"Gap (4t) [MODERATE: Vol=LOW, Δ=WEAK, Time=MIDDAY]"
2025-09-30 14:40:13,2025-09-30,ES.v.0,6719.25,TARGET_EXIT,MAGNET,NEUTRAL_ZONE,1.339057983336167,GAP_ZONE,PM_SESSION,13378,0,3001,165.55,2025-11-25 11:15:48,"Gap (9t) [WEAK: Vol=HIGH, Δ=WEAK, Time=LATE] [RECLASS: CHOP] [PM_WEAK]"
2025-09-30 15:02:51,2025-09-30,ES.v.0,6724.0,REVERSAL_ENTRY,SINGLE_PRINT,NEUTRAL_ZONE,2.550586634926033,GAP_ZONE,PM_SESSION,18375,0,2686,190.89,2025-11-25 11:18:01,"Gap (5t) [WEAK: Vol=HIGH, Δ=WEAK, Time=LATE]"
2025-10-01 16:29:59,2025-10-01,ES.v.0,6764.75,REVERSAL_ENTRY,SUPER_WALL,SHORT_DEFENSE,10.0,ASK_ABSORPTION,PM_SESSION,87512,0,4646,336.88,2025-12-16 13:12:53,Vol: 15596 | Ratio: 0.00 + SUPER_WALL
2025-10-01 16:29:59,2025-10-01,ES.v.0,6761.0,TARGET_EXIT,MAGNET,NEUTRAL_ZONE,3.6505508235688486,ASK_ABSORPTION,PM_SESSION,24667,0,4068,328.49,2025-11-25 14:50:18,Vol: 14149 | Ratio: 0.00 + WALL [RECLASS: CHOP]
2025-10-01 16:29:59,2025-10-01,ES.v.0,6763.0,REVERSAL_ENTRY,WALL,SHORT_DEFENSE,4.611223696841335,ASK_ABSORPTION,PM_SESSION,37101,0,4184,282.94,2025-12-16 13:07:17,Vol: 13424 | Ratio: 0.00 + WALL
2025-10-01 16:29:59,2025-10-01,ES.v.0,6766.75,REVERSAL_ENTRY,WALL,SHORT_DEFENSE,2.8219232351551904,ASK_ABSORPTION,PM_SESSION,10529,0,4926,406.44,2025-12-16 13:29:13,Vol: 10529 | Ratio: 0.00
2025-10-01 09:50:01,2025-10-01,ES.v.0,6708.25,REVERSAL_ENTRY,SINGLE_PRINT,LONG_DEFENSE,1.9808316445473797,BUYING_TAIL,AM_SESSION,22469,11,3038,191.62,2025-11-25 10:28:43,"Tail (13t) [STRONG: Vol=HIGH, Δ=WEAK, Time=EARLY]"
2025-10-01 11:01:08,2025-10-01,ES.v.0,6737.0,TARGET_EXIT,MAGNET,NEUTRAL_ZONE,0.799951241067211,GAP_ZONE,AM_SESSION,22352,0,2590,150.76,2025-11-25 11:49:37,"Gap (8t) [MODERATE: Vol=HIGH, Δ=WEAK, Time=MIDDAY] [RECLASS: CHOP]"
2025-10-01 13:04:21,2025-10-01,ES.v.0,6749.5,TARGET_EXIT,MAGNET,NEUTRAL_ZONE,0.5999634308004083,GAP_ZONE,PM_SESSION,22215,0,2866,163.53,2025-11-25 12:03:00,"Gap (14t) [MODERATE: Vol=HIGH, Δ=WEAK, Time=MIDDAY] [RECLASS: CHOP] [PM_WEAK]"
2025-10-02 16:29:59,2025-10-02,ES.v.0,6766.5,TARGET_EXIT,MAGNET,NEUTRAL_ZONE,10.0,MAGNET,PM_SESSION,20559,0,4508,357.07,2025-12-16 13:28:56,Vol: 20559 | Ratio: 0.00
2025-10-02 16:29:59,2025-10-02,ES.v.0,6768.25,TARGET_EXIT,MAGNET,NEUTRAL_ZONE,9.986577181208053,MAGNET,PM_SESSION,20358,0,4487,361.69,2025-12-16 13:30:04,Vol: 20358 | Ratio: 0.00
2025-10-02 09:39:53,2025-10-02,ES.v.0,6771.75,REVERSAL_ENTRY,SINGLE_PRINT,SHORT_DEFENSE,8.724832214765101,SELLING_TAIL,AM_SESSION,50928,0,3974,332.05,2025-12-16 14:25:43,"Tail (35t) [STRONG: Vol=HIGH, Δ=WEAK, Time=EARLY]"
2025-10-02 11:38:25,2025-10-02,ES.v.0,6744.0,REVERSAL_ENTRY,SINGLE_PRINT,LONG_DEFENSE,6.7114093959731544,BUYING_TAIL,AM_SESSION,11321,11,1884,101.6,2025-11-25 11:52:34,"Tail (11t) [MODERATE: Vol=HIGH, Δ=WEAK, Time=MIDDAY]"
2025-10-03 16:29:58,2025-10-03,ES.v.0,6778.5,TARGET_EXIT,MAGNET,NEUTRAL_ZONE,10.0,MAGNET,AM_SESSION,16186,0,3668,337.44,2025-12-17 16:00:08,Vol: 16186 | Ratio: 0.00
2025-10-03 16:29:58,2025-10-03,ES.v.0,6764.5,TARGET_EXIT,MAGNET,NEUTRAL_ZONE,9.951856946354884,MAGNET,PM_SESSION,15514,0,3732,266.21,2025-12-16 13:12:53,Vol: 15514 | Ratio: 0.00
2025-10-03 13:55:00,2025-10-03,ES.v.0,6754.5,REVERSAL_ENTRY,SINGLE_PRINT,NEUTRAL_ZONE,3.8686382393397523,GAP_ZONE,PM_SESSION,3698,18,2994,198.09,2025-11-25 14:41:00,"Gap (5t) [MODERATE: Vol=LOW, Δ=WEAK, Time=MIDDAY] [PM_WEAK]"
2025-10-06 16:29:59,2025-10-06,ES.v.0,6789.5,TARGET_EXIT,MAGNET,NEUTRAL_ZONE,10.0,MAGNET,PM_SESSION,47697,0,2442,198.62,2025-12-17 16:29:54,Vol: 23984 | Ratio: 0.00 + MAGNET
2025-10-06 10:10:03,2025-10-06,ES.v.0,6770.75,REVERSAL_ENTRY,SINGLE_PRINT,LONG_DEFENSE,6.611402125820068,BUYING_TAIL,AM_SESSION,33335,33,3555,289.43,2025-12-16 14:21:03,"Tail (18t) [STRONG: Vol=HIGH, Δ=WEAK, Time=EARLY]"
2025-10-07 16:29:59,2025-10-07,ES.v.0,6757.5,TARGET_EXIT,MAGNET,NEUTRAL_ZONE,10.0,MAGNET,PM_SESSION,18958,0,3149,202.62,2025-11-25 14:43:42,Vol: 18958 | Ratio: 0.00
2025-10-07 16:29:59,2025-10-07,ES.v.0,6762.5,TARGET_EXIT,MAGNET,NEUTRAL_ZONE,9.966170500676592,MAGNET,PM_SESSION,18371,0,3133,205.41,2025-12-16 13:07:08,Vol: 18371 | Ratio: 0.00
2025-10-07 16:29:59,2025-10-07,ES.v.0,6760.0,TARGET_EXIT,MAGNET,NEUTRAL_ZONE,9.945872801082544,MAGNET,PM_SESSION,18000,0,3219,226.36,2025-11-25 14:49:30,Vol: 18000 | Ratio: 0.00
2025-10-07 09:30:10,2025-10-07,ES.v.0,6795.5,REVERSAL_ENTRY,SINGLE_PRINT,SHORT_DEFENSE,8.795669824086604,SELLING_TAIL,AM_SESSION,82192,0,2085,179.4,2025-12-17 16:14:45,"Tail (26t) [STRONG: Vol=HIGH, Δ=WEAK, Time=EARLY]"
2025-10-07 11:06:06,2025-10-07,ES.v.0,6772.25,TARGET_EXIT,MAGNET,NEUTRAL_ZONE,3.552097428958051,GAP_ZONE,AM_SESSION,55139,0,3669,273.45,2025-12-16 14:25:43,"Gap (35t) [MODERATE: Vol=HIGH, Δ=WEAK, Time=MIDDAY] [RECLASS: CHOP]"
2025-10-07 10:35:53,2025-10-07,ES.v.0,6783.0,TARGET_EXIT,MAGNET,NEUTRAL_ZONE,3.552097428958051,GAP_ZONE,AM_SESSION,12518,0,2916,270.59,2025-12-17 16:04:52,"Gap (5t) [MODERATE: Vol=HIGH, Δ=WEAK, Time=EARLY] [RECLASS: CHOP]"
2025-10-07 10:05:01,2025-10-07,ES.v.0,6790.5,REVERSAL_ENTRY,SINGLE_PRINT,NEUTRAL_ZONE,5.074424898511502,GAP_ZONE,AM_SESSION,46694,0,2080,172.6,2025-12-17 16:26:14,"Gap (14t) [MODERATE: Vol=HIGH, Δ=WEAK, Time=EARLY]"
2025-10-08 16:29:59,2025-10-08,ES.v.0,6801.5,REVERSAL_ENTRY,WALL,SHORT_DEFENSE,10.0,ASK_ABSORPTION,PM_SESSION,91172,0,2371,165.38,2025-12-17 13:25:10,Vol: 22763 | Ratio: 0.00 + WALL + MAGNET
2025-10-08 16:29:59,2025-10-08,ES.v.0,6800.25,TARGET_EXIT,MAGNET,NEUTRAL_ZONE,4.145502212026872,MAGNET,PM_SESSION,24861,0,2509,184.61,2025-12-17 13:26:14,Vol: 24861 | Ratio: 0.00
2025-10-08 09:44:16,2025-10-08,ES.v.0,6773.25,REVERSAL_ENTRY,SINGLE_PRINT,LONG_DEFENSE,3.550166584739745,BUYING_TAIL,AM_SESSION,92970,0,3341,241.47,2025-12-16 14:25:43,"Tail (36t) [STRONG: Vol=HIGH, Δ=WEAK, Time=EARLY]"
2025-10-08 10:00:22,2025-10-08,ES.v.0,6780.5,REVERSAL_ENTRY,SINGLE_PRINT,NEUTRAL_ZONE,2.0481730296575456,GAP_ZONE,AM_SESSION,35349,0,3376,310.53,2025-12-17 16:00:21,"Gap (31t) [MODERATE: Vol=HIGH, Δ=WEAK, Time=EARLY]"
2025-10-09 16:29:59,2025-10-09,ES.v.0,6780.5,TARGET_EXIT,MAGNET,NEUTRAL_ZONE,10.0,MAGNET,PM_SESSION,38548,0,2902,270.01,2025-12-17 16:00:21,Vol: 20160 | Ratio: 0.00 + MAGNET
2025-10-09 09:51:59,2025-10-09,ES.v.0,6792.25,REVERSAL_ENTRY,SINGLE_PRINT,SHORT_DEFENSE,6.739592513868008,SELLING_TAIL,AM_SESSION,100781,228,1485,127.69,2025-12-17 16:22:26,"Tail (70t) [STRONG: Vol=HIGH, Δ=WEAK, Time=EARLY]"
2025-10-09 13:30:25,2025-10-09,ES.v.0,6761.25,REVERSAL_ENTRY,SINGLE_PRINT,NEUTRAL_ZONE,2.91616983773135,GAP_ZONE,PM_SESSION,1565,5,3238,217.55,2025-11-25 14:50:25,"Gap (5t) [MODERATE: Vol=LOW, Δ=WEAK, Time=MIDDAY] [PM_WEAK]"
2025-10-10 16:29:59,2025-10-10,ES.v.0,6595.5,REVERSAL_ENTRY,SUPER_WALL,LONG_DEFENSE,10.0,BID_ABSORPTION,PM_SESSION,98919,0,1011,48.12,2025-11-21 11:36:12,Vol: 16073 | Ratio: 0.00 + SUPER_WALL
2025-10-10 16:29:59,2025-10-10,ES.v.0,6792.5,REVERSAL_ENTRY,SUPER_WALL,SHORT_DEFENSE,8.527729185381308,ASK_ABSORPTION,AM_SESSION,78724,0,1122,94.23,2025-12-17 16:21:53,Vol: 11659 | Ratio: 0.00 + SUPER_WALL
2025-10-10 16:29:59,2025-10-10,ES.v.0,6796.0,REVERSAL_ENTRY,WALL,SHORT_DEFENSE,5.314524135974656,ASK_ABSORPTION,AM_SESSION,47375,0,1585,122.51,2025-12-17 15:17:53,Vol: 8433 | Ratio: 0.00 + WALL
2025-10-10 16:29:59,2025-10-10,ES.v.0,6793.75,REVERSAL_ENTRY,WALL,SHORT_DEFENSE,2.772327549524846,ASK_ABSORPTION,AM_SESSION,16062,0,1121,93.67,2025-12-17 16:20:15,Vol: 8527 | Ratio: 0.00 + WALL
2025-10-10 16:29:59,2025-10-10,ES.v.0,6594.25,REVERSAL_ENTRY,WALL,LONG_DEFENSE,2.1275589806628528,BID_ABSORPTION,PM_SESSION,8106,0,997,44.94,2025-11-21 11:36:05,Vol: 8106 | Ratio: 0.00
2025-10-10 16:29:59,2025-10-10,ES.v.0,6680.0,TARGET_EXIT,MAGNET,NEUTRAL_ZONE,1.639402392321876,MAGNET,AM_SESSION,10360,0,3005,154.12,2025-11-25 09:50:35,Vol: 10360 | Ratio: 0.00
2025-10-10 09:37:47,2025-10-10,ES.v.0,6800.5,REVERSAL_ENTRY,SINGLE_PRINT,SHORT_DEFENSE,1.5365703749231716,SELLING_TAIL,AM_SESSION,50229,0,2290,182.32,2025-12-17 13:26:12,"Tail (25t) [STRONG: Vol=HIGH, Δ=WEAK, Time=EARLY]"
2025-10-10 16:01:18,2025-10-10,ES.v.0,6591.5,REVERSAL_ENTRY,SINGLE_PRINT,LONG_DEFENSE,0.9455817691834901,BUYING_TAIL,PM_SESSION,2785,13,829,43.75,2025-11-21 11:35:51,"Tail (9t) [WEAK: Vol=LOW, Δ=WEAK, Time=LATE]"
2025-10-10 11:21:17,2025-10-10,ES.v.0,6724.0,TARGET_EXIT,MAGNET,NEUTRAL_ZONE,0.6205380360266654,GAP_ZONE,AM_SESSION,244910,0,2372,181.19,2025-11-25 11:18:01,"Gap (147t) [MODERATE: Vol=HIGH, Δ=WEAK, Time=MIDDAY] [RECLASS: CHOP]"
2025-10-10 10:58:17,2025-10-10,ES.v.0,6771.0,TARGET_EXIT,MAGNET,NEUTRAL_ZONE,0.6205380360266654,GAP_ZONE,AM_SESSION,39364,26,3077,225.26,2025-12-16 14:21:10,"Gap (105t) [MODERATE: Vol=HIGH, Δ=WEAK, Time=EARLY] [RECLASS: CHOP]"
2025-10-10 15:38:47,2025-10-10,ES.v.0,6612.75,REVERSAL_ENTRY,SINGLE_PRINT,NEUTRAL_ZONE,0.7091863268876176,GAP_ZONE,PM_SESSION,90846,0,1207,50.03,2025-11-21 13:30:06,"Gap (45t) [WEAK: Vol=HIGH, Δ=WEAK, Time=LATE]"
2025-10-13 16:29:59,2025-10-13,ES.v.0,6695.0,TARGET_EXIT,MAGNET,NEUTRAL_ZONE,10.0,MAGNET,PM_SESSION,53347,0,2214,111.91,2025-11-25 10:05:31,Vol: 27810 | Ratio: 0.00 + MAGNET
2025-10-13 13:01:19,2025-10-13,ES.v.0,6709.0,REVERSAL_ENTRY,SINGLE_PRINT,SHORT_DEFENSE,3.765816429001808,SELLING_TAIL,PM_SESSION,11806,0,2810,181.2,2025-11-25 10:28:55,"Tail (11t) [MODERATE: Vol=HIGH, Δ=WEAK, Time=MIDDAY] [PM_WEAK]"
2025-10-14 16:29:57,2025-10-14,ES.v.0,6714.5,REVERSAL_ENTRY,SUPER_WALL,SHORT_DEFENSE,10.0,ASK_ABSORPTION,PM_SESSION,116922,0,2415,152.32,2025-11-25 10:30:01,Vol: 14548 | Ratio: 0.00 + SUPER_WALL
2025-10-14 16:29:57,2025-10-14,ES.v.0,6713.0,REVERSAL_ENTRY,SUPER_WALL,SHORT_DEFENSE,5.488719077213261,ASK_ABSORPTION,PM_SESSION,48531,0,2189,142.17,2025-11-25 10:29:05,Vol: 13605 | Ratio: 0.00 + WALL
2025-10-14 16:29:57,2025-10-14,ES.v.0,6716.0,REVERSAL_ENTRY,WALL,SHORT_DEFENSE,4.29352163083694,ASK_ABSORPTION,PM_SESSION,45148,0,2344,137.27,2025-11-25 10:56:45,Vol: 11702 | Ratio: 0.00 + WALL
2025-10-14 16:29:57,2025-10-14,ES.v.0,6711.75,TARGET_EXIT,MAGNET,NEUTRAL_ZONE,2.5320049331366525,ASK_ABSORPTION,PM_SESSION,33060,0,2169,127.03,2025-11-25 10:29:02,Vol: 12144 | Ratio: 0.00 + WALL [RECLASS: CHOP]
2025-10-14 16:29:57,2025-10-14,ES.v.0,6686.0,TARGET_EXIT,MAGNET,NEUTRAL_ZONE,1.7241796242110607,MAGNET,PM_SESSION,13453,0,1951,93.53,2025-11-25 09:51:05,Vol: 13453 | Ratio: 0.00
2025-10-14 09:45:07,2025-10-14,ES.v.0,6626.75,REVERSAL_ENTRY,SINGLE_PRINT,LONG_DEFENSE,1.5718327569946557,BUYING_TAIL,AM_SESSION,198635,40,1274,57.39,2025-11-21 16:27:57,"Tail (135t) [STRONG: Vol=HIGH, Δ=WEAK, Time=EARLY]"
2025-10-14 13:48:03,2025-10-14,ES.v.0,6720.5,REVERSAL_ENTRY,SINGLE_PRINT,SHORT_DEFENSE,0.9068265905738399,SELLING_TAIL,PM_SESSION,3705,0,2465,133.05,2025-11-25 11:16:11,"Tail (9t) [MODERATE: Vol=LOW, Δ=WEAK, Time=MIDDAY] [PM_WEAK]"
2025-10-14 10:04:44,2025-10-14,ES.v.0,6644.75,REVERSAL_ENTRY,SINGLE_PRINT,NEUTRAL_ZONE,0.9068265905738399,GAP_ZONE,AM_SESSION,89967,0,1990,97.85,2025-11-21 15:36:24,"Gap (65t) [MODERATE: Vol=HIGH, Δ=WEAK, Time=EARLY]"
2025-10-15 16:29:59,2025-10-15,ES.v.0,6715.75,TARGET_EXIT,MAGNET,NEUTRAL_ZONE,10.0,MAGNET,PM_SESSION,102368,0,1743,95.86,2025-11-25 10:30:03,Vol: 22876 | Ratio: 0.00 + MAGNET
2025-10-15 10:07:33,2025-10-15,ES.v.0,6763.5,REVERSAL_ENTRY,SINGLE_PRINT,SHORT_DEFENSE,3.9544929123319346,SELLING_TAIL,AM_SESSION,16594,0,2923,190.61,2025-12-16 13:07:18,"Tail (14t) [STRONG: Vol=HIGH, Δ=WEAK, Time=EARLY]"
2025-10-15 13:16:08,2025-10-15,ES.v.0,6669.0,REVERSAL_ENTRY,SINGLE_PRINT,LONG_DEFENSE,2.2814382186530393,BUYING_TAIL,PM_SESSION,70082,0,3345,168.65,2025-11-24 09:59:59,"Tail (71t) [MODERATE: Vol=HIGH, Δ=WEAK, Time=MIDDAY] [PM_WEAK]"
2025-10-16 16:29:59,2025-10-16,ES.v.0,6669.5,TARGET_EXIT,MAGNET,NEUTRAL_ZONE,10.0,MAGNET,PM_SESSION,46471,0,2903,152.16,2025-11-24 09:59:59,Vol: 12921 | Ratio: 0.00 + MAGNET
2025-10-16 16:29:59,2025-10-16,ES.v.0,6735.25,REVERSAL_ENTRY,WALL,SHORT_DEFENSE,8.86130296807915,ASK_ABSORPTION,AM_SESSION,18418,0,1546,111.05,2025-11-25 11:45:58,Vol: 9231 | Ratio: 0.00 + WALL
2025-10-16 16:29:59,2025-10-16,ES.v.0,6664.25,TARGET_EXIT,MAGNET,NEUTRAL_ZONE,5.215605749486654,MAGNET,PM_SESSION,11052,0,2344,109.98,2025-11-24 09:59:39,Vol: 11052 | Ratio: 0.00
2025-10-16 10:41:48,2025-10-16,ES.v.0,6744.5,REVERSAL_ENTRY,SINGLE_PRINT,SHORT_DEFENSE,4.8534627590069075,SELLING_TAIL,AM_SESSION,23857,0,1568,86.24,2025-11-25 11:52:39,"Tail (25t) [STRONG: Vol=HIGH, Δ=WEAK, Time=EARLY]"
2025-10-16 14:34:12,2025-10-16,ES.v.0,6635.25,REVERSAL_ENTRY,SINGLE_PRINT,LONG_DEFENSE,2.8000746686578313,BUYING_TAIL,PM_SESSION,6984,39,1503,67.44,2025-11-21 15:50:42,"Tail (14t) [MODERATE: Vol=MODERATE, Δ=WEAK, Time=LATE] [PM_WEAK]"
2025-10-16 11:30:37,2025-10-16,ES.v.0,6715.5,TARGET_EXIT,MAGNET,NEUTRAL_ZONE,1.9600522680604822,GAP_ZONE,AM_SESSION,27876,0,1718,95.33,2025-11-25 10:30:03,"Gap (12t) [MODERATE: Vol=HIGH, Δ=WEAK, Time=MIDDAY] [RECLASS: CHOP]"
2025-10-17 16:29:59,2025-10-17,ES.v.0,6707.0,REVERSAL_ENTRY,SUPER_WALL,SHORT_DEFENSE,10.0,ASK_ABSORPTION,PM_SESSION,54240,0,1709,82.1,2025-11-25 10:28:33,Vol: 12376 | Ratio: 0.00 + SUPER_WALL
2025-10-17 16:29:59,2025-10-17,ES.v.0,6703.75,TARGET_EXIT,MAGNET,NEUTRAL_ZONE,2.4901002461560418,MAGNET,PM_SESSION,10998,0,1505,66.53,2025-11-25 10:28:04,Vol: 10998 | Ratio: 0.00
2025-10-17 15:11:34,2025-10-17,ES.v.0,6712.0,REVERSAL_ENTRY,SINGLE_PRINT,SHORT_DEFENSE,1.7837394313438693,SELLING_TAIL,PM_SESSION,30465,0,1555,84.18,2025-11-25 10:29:02,"Tail (25t) [MODERATE: Vol=HIGH, Δ=WEAK, Time=LATE]"
2025-10-17 11:36:46,2025-10-17,ES.v.0,6641.0,REVERSAL_ENTRY,SINGLE_PRINT,NEUTRAL_ZONE,1.3378045735079018,GAP_ZONE,AM_SESSION,472,13,1221,55.2,2025-11-21 15:50:22,"Gap (4t) [MODERATE: Vol=LOW, Δ=WEAK, Time=MIDDAY]"
2025-10-17 14:05:59,2025-10-17,ES.v.0,6699.0,TARGET_EXIT,MAGNET,NEUTRAL_ZONE,0.5618779208733188,GAP_ZONE,PM_SESSION,13387,0,1653,92.97,2025-11-25 10:23:26,"Gap (10t) [WEAK: Vol=HIGH, Δ=WEAK, Time=LATE] [RECLASS: CHOP] [PM_WEAK]"
2025-10-20 16:29:59,2025-10-20,ES.v.0,6777.5,REVERSAL_ENTRY,WALL,SHORT_DEFENSE,10.0,ASK_ABSORPTION,PM_SESSION,42505,0,2398,181.51,2025-12-17 16:00:01,Vol: 14713 | Ratio: 0.00 + WALL
2025-10-20 16:29:59,2025-10-20,ES.v.0,6773.75,TARGET_EXIT,MAGNET,NEUTRAL_ZONE,7.6970785049779655,MAGNET,PM_SESSION,52535,0,2647,199.47,2025-12-16 14:25:43,Vol: 19920 | Ratio: 0.00 + MAGNET
2025-10-20 09:30:00,2025-10-20,ES.v.0,6747.25,REVERSAL_ENTRY,SINGLE_PRINT,LONG_DEFENSE,4.243512322506937,BUYING_TAIL,AM_SESSION,65315,17,1442,78.17,2025-11-25 12:02:05,"Tail (58t) [STRONG: Vol=HIGH, Δ=WEAK, Time=EARLY]"
2025-10-20 10:04:03,2025-10-20,ES.v.0,6756.5,REVERSAL_ENTRY,SINGLE_PRINT,NEUTRAL_ZONE,2.448180186061694,GAP_ZONE,AM_SESSION,31638,0,2835,174.43,2025-11-25 14:43:33,"Gap (14t) [MODERATE: Vol=HIGH, Δ=WEAK, Time=EARLY]"
2025-10-21 16:29:59,2025-10-21,ES.v.0,6780.0,TARGET_EXIT,MAGNET,NEUTRAL_ZONE,10.0,MAGNET,PM_SESSION,21527,0,2052,162.81,2025-12-17 16:00:19,Vol: 21527 | Ratio: 0.00
2025-10-21 16:29:59,2025-10-21,ES.v.0,6783.5,TARGET_EXIT,MAGNET,NEUTRAL_ZONE,9.933199732798931,MAGNET,AM_SESSION,20203,0,1944,155.92,2025-12-17 16:05:00,Vol: 20203 | Ratio: 0.00
2025-10-21 10:02:47,2025-10-21,ES.v.0,6761.25,REVERSAL_ENTRY,SINGLE_PRINT,LONG_DEFENSE,6.68002672010688,BUYING_TAIL,AM_SESSION,6870,0,2837,189.66,2025-11-25 14:50:25,"Tail (9t) [MODERATE: Vol=MODERATE, Δ=WEAK, Time=EARLY]"
2025-10-21 12:30:51,2025-10-21,ES.v.0,6787.5,REVERSAL_ENTRY,SINGLE_PRINT,SHORT_DEFENSE,6.68002672010688,SELLING_TAIL,AM_SESSION,10785,0,1882,154.69,2025-12-17 16:07:46,"Tail (10t) [MODERATE: Vol=HIGH, Δ=WEAK, Time=MIDDAY]"
2025-10-22 16:29:58,2025-10-22,ES.v.0,6737.25,TARGET_EXIT,MAGNET,NEUTRAL_ZONE,10.0,MAGNET,PM_SESSION,47217,0,1193,72.26,2025-11-25 11:49:37,Vol: 16879 | Ratio: 0.00 + MAGNET
2025-10-22 16:29:58,2025-10-22,ES.v.0,6735.0,TARGET_EXIT,MAGNET,NEUTRAL_ZONE,6.1511348005502064,MAGNET,PM_SESSION,13939,0,997,60.57,2025-11-25 11:45:56,Vol: 13939 | Ratio: 0.00
2025-10-22 09:30:08,2025-10-22,ES.v.0,6775.5,REVERSAL_ENTRY,SINGLE_PRINT,SHORT_DEFENSE,5.588033012379643,SELLING_TAIL,AM_SESSION,14323,0,1809,134.31,2025-12-17 15:59:30,"Tail (16t) [STRONG: Vol=HIGH, Δ=WEAK, Time=EARLY]"
2025-10-22 13:54:44,2025-10-22,ES.v.0,6695.0,REVERSAL_ENTRY,SINGLE_PRINT,LONG_DEFENSE,3.2238651994497936,BUYING_TAIL,PM_SESSION,17072,0,1442,76.3,2025-11-25 10:05:31,"Tail (18t) [MODERATE: Vol=HIGH, Δ=WEAK, Time=MIDDAY] [PM_WEAK]"
2025-10-23 16:29:59,2025-10-23,ES.v.0,6780.75,REVERSAL_ENTRY,WALL,SHORT_DEFENSE,10.0,ASK_ABSORPTION,PM_SESSION,50174,0,1720,106.64,2025-12-17 16:00:21,Vol: 13118 | Ratio: 0.00 + WALL
2025-10-23 16:29:59,2025-10-23,ES.v.0,6774.5,TARGET_EXIT,MAGNET,NEUTRAL_ZONE,6.421949386118767,MAGNET,PM_SESSION,43818,0,1387,100.01,2025-12-16 14:25:44,Vol: 15404 | Ratio: 0.00 + MAGNET
2025-10-23 16:29:59,2025-10-23,ES.v.0,6782.75,REVERSAL_ENTRY,WALL,SHORT_DEFENSE,5.178317881900943,ASK_ABSORPTION,PM_SESSION,10946,0,1680,119.39,2025-12-17 16:04:22,Vol: 10946 | Ratio: 0.00
2025-10-23 09:31:40,2025-10-23,ES.v.0,6738.75,REVERSAL_ENTRY,SINGLE_PRINT,LONG_DEFENSE,2.7840418719897544,BUYING_TAIL,AM_SESSION,4988,0,1109,64.36,2025-11-25 11:50:00,"Tail (12t) [MODERATE: Vol=LOW, Δ=WEAK, Time=EARLY]"
2025-10-24 16:29:59,2025-10-24,ES.v.0,6837.0,REVERSAL_ENTRY,SUPER_WALL,SHORT_DEFENSE,10.0,ASK_ABSORPTION,PM_SESSION,19783,0,3837,277.07,2025-12-19 09:28:06,Vol: 19783 | Ratio: 0.00
2025-10-24 16:29:59,2025-10-24,ES.v.0,6838.5,REVERSAL_ENTRY,WALL,SHORT_DEFENSE,8.642183288409703,ASK_ABSORPTION,PM_SESSION,38247,0,4001,319.66,2025-12-19 09:28:08,Vol: 19336 | Ratio: 0.00 + WALL
2025-10-24 16:29:59,2025-10-24,ES.v.0,6830.0,TARGET_EXIT,MAGNET,NEUTRAL_ZONE,5.0168463611859835,MAGNET,AM_SESSION,20426,0,4499,314.75,2025-12-18 16:00:34,Vol: 20426 | Ratio: 0.00
2025-10-24 09:31:50,2025-10-24,ES.v.0,6815.0,REVERSAL_ENTRY,SINGLE_PRINT,LONG_DEFENSE,3.3692722371967654,BUYING_TAIL,AM_SESSION,7048,29,2312,156.63,2025-12-18 12:27:30,"Tail (11t) [MODERATE: Vol=MODERATE, Δ=WEAK, Time=EARLY]"
2025-10-27 16:29:58,2025-10-27,ES.v.0,6908.25,REVERSAL_ENTRY,SUPER_WALL,SHORT_DEFENSE,10.0,ASK_ABSORPTION,PM_SESSION,38412,0,1290,65.78,2025-12-31 15:38:12,Vol: 19900 | Ratio: 0.00 + SUPER_WALL
2025-10-27 09:36:24,2025-10-27,ES.v.0,6879.5,REVERSAL_ENTRY,SINGLE_PRINT,LONG_DEFENSE,3.3727687837276883,BUYING_TAIL,AM_SESSION,12226,0,3786,310.17,2025-12-19 15:44:37,"Tail (11t) [STRONG: Vol=HIGH, Δ=WEAK, Time=EARLY]"
2025-10-27 15:30:56,2025-10-27,ES.v.0,6903.0,REVERSAL_ENTRY,SINGLE_PRINT,NEUTRAL_ZONE,1.5566625155666252,GAP_ZONE,PM_SESSION,58857,0,1973,150.95,2025-12-31 15:56:23,"Gap (30t) [WEAK: Vol=HIGH, Δ=WEAK, Time=LATE]"
2025-10-28 16:29:58,2025-10-28,ES.v.0,6925.75,TARGET_EXIT,MAGNET,NEUTRAL_ZONE,10.0,MAGNET,PM_SESSION,50065,0,946,80.51,2025-12-31 14:27:31,Vol: 25693 | Ratio: 0.00 + MAGNET
2025-10-28 11:35:38,2025-10-28,ES.v.0,6906.5,REVERSAL_ENTRY,SINGLE_PRINT,LONG_DEFENSE,5.056890012642226,BUYING_TAIL,AM_SESSION,15081,172,1226,95.85,2025-12-31 15:46:04,"Tail (15t) [MODERATE: Vol=HIGH, Δ=WEAK, Time=MIDDAY]"
2025-10-28 15:28:04,2025-10-28,ES.v.0,6943.0,REVERSAL_ENTRY,SINGLE_PRINT,SHORT_DEFENSE,5.056890012642226,SELLING_TAIL,PM_SESSION,5303,0,1017,113.12,2025-12-31 09:35:54,"Tail (8t) [MODERATE: Vol=MODERATE, Δ=WEAK, Time=LATE]"
2025-10-29 16:29:59,2025-10-29,ES.v.0,6939.25,TARGET_EXIT,MAGNET,NEUTRAL_ZONE,10.0,MAGNET,AM_SESSION,54867,0,270,28.05,2025-12-31 09:36:31,Vol: 19247 | Ratio: 0.00 + MAGNET
2025-10-29 16:29:59,2025-10-29,ES.v.0,6943.25,REVERSAL_ENTRY,WALL,SHORT_DEFENSE,8.107421213148085,ASK_ABSORPTION,AM_SESSION,14331,0,585,62.69,2025-12-31 09:35:54,Vol: 14331 | Ratio: 0.00
2025-10-29 14:41:27,2025-10-29,ES.v.0,6894.75,REVERSAL_ENTRY,SINGLE_PRINT,LONG_DEFENSE,3.176889190105049,BUYING_TAIL,PM_SESSION,69257,7,2210,155.61,2025-12-31 16:29:58,"Tail (51t) [MODERATE: Vol=HIGH, Δ=WEAK, Time=LATE] [PM_WEAK]"
2025-10-30 16:29:58,2025-10-30,ES.v.0,6905.0,REVERSAL_ENTRY,WALL,SHORT_DEFENSE,10.0,ASK_ABSORPTION,AM_SESSION,12314,0,788,85.01,2025-12-31 15:47:08,Vol: 12314 | Ratio: 0.00
2025-10-30 16:29:58,2025-10-30,ES.v.0,6894.25,TARGET_EXIT,MAGNET,NEUTRAL_ZONE,9.839702760084926,MAGNET,AM_SESSION,26869,0,1339,107.72,2025-12-31 16:29:10,Vol: 13463 | Ratio: 0.00 + MAGNET
2025-10-30 16:29:58,2025-10-30,ES.v.0,6900.0,TARGET_EXIT,MAGNET,NEUTRAL_ZONE,7.579617834394904,MAGNET,AM_SESSION,13643,0,1323,98.71,2025-12-31 15:57:18,Vol: 13643 | Ratio: 0.00
2025-10-30 10:00:25,2025-10-30,ES.v.0,6912.0,REVERSAL_ENTRY,SINGLE_PRINT,SHORT_DEFENSE,5.307855626326964,SELLING_TAIL,AM_SESSION,1735,0,180,16.08,2025-12-31 15:00:30,"Tail (8t) [MODERATE: Vol=LOW, Δ=WEAK, Time=EARLY]"
2025-10-30 16:00:12,2025-10-30,ES.v.0,6851.5,REVERSAL_ENTRY,SINGLE_PRINT,NEUTRAL_ZONE,3.980891719745223,GAP_ZONE,PM_SESSION,8117,145,4198,397.25,2025-12-19 09:30:44,"Gap (6t) [MODERATE: Vol=MODERATE, Δ=WEAK, Time=LATE]"
2025-10-31 16:29:58,2025-10-31,ES.v.0,6875.0,TARGET_EXIT,MAGNET,NEUTRAL_ZONE,10.0,MAGNET,PM_SESSION,31114,0,3447,260.05,2025-12-19 11:05:07,Vol: 16190 | Ratio: 0.00 + MAGNET
2025-10-31 16:29:58,2025-10-31,ES.v.0,6872.5,TARGET_EXIT,MAGNET,NEUTRAL_ZONE,7.669882327997456,MAGNET,PM_SESSION,15456,0,3416,249.95,2025-12-19 11:02:52,Vol: 15456 | Ratio: 0.00
2025-10-31 13:21:02,2025-10-31,ES.v.0,6845.25,REVERSAL_ENTRY,SINGLE_PRINT,LONG_DEFENSE,3.9754054913601182,BUYING_TAIL,PM_SESSION,6714,13,4485,385.03,2025-12-19 09:30:21,"Tail (8t) [MODERATE: Vol=MODERATE, Δ=WEAK, Time=MIDDAY] [PM_WEAK]"
2025-10-31 09:30:01,2025-10-31,ES.v.0,6900.25,REVERSAL_ENTRY,SINGLE_PRINT,SHORT_DEFENSE,5.300540655146825,SELLING_TAIL,AM_SESSION,6000,0,1182,96.57,2025-12-31 15:57:18,"Tail (10t) [MODERATE: Vol=MODERATE, Δ=WEAK, Time=EARLY]"
2025-11-03 16:29:59,2025-11-03,ES.v.0,6882.75,TARGET_EXIT,MAGNET,NEUTRAL_ZONE,10.0,MAGNET,PM_SESSION,43417,0,1891,148.9,2025-12-19 15:59:05,Vol: 22780 | Ratio: 0.00 + MAGNET
2025-11-03 16:29:59,2025-11-03,ES.v.0,6885.0,TARGET_EXIT,MAGNET,NEUTRAL_ZONE,7.592213114754099,MAGNET,PM_SESSION,19542,0,1492,102.88,2025-12-19 15:59:57,Vol: 19542 | Ratio: 0.00
2025-11-03 10:32:04,2025-11-03,ES.v.0,6852.5,REVERSAL_ENTRY,SINGLE_PRINT,LONG_DEFENSE,6.659836065573771,BUYING_TAIL,AM_SESSION,16756,0,4010,370.56,2025-12-19 09:31:00,"Tail (13t) [STRONG: Vol=HIGH, Δ=WEAK, Time=EARLY]"
2025-11-03 09:36:09,2025-11-03,ES.v.0,6893.5,REVERSAL_ENTRY,SINGLE_PRINT,SHORT_DEFENSE,6.659836065573771,SELLING_TAIL,AM_SESSION,44342,0,1110,86.63,2025-12-31 16:26:13,"Tail (65t) [STRONG: Vol=HIGH, Δ=WEAK, Time=EARLY]"
2025-11-04 16:29:56,2025-11-04,ES.v.0,6801.0,REVERSAL_ENTRY,SUPER_WALL,LONG_DEFENSE,10.0,BID_ABSORPTION,PM_SESSION,88748,0,1576,117.26,2025-12-17 13:25:57,Vol: 17202 | Ratio: 0.00 + WALL
2025-11-04 16:29:56,2025-11-04,ES.v.0,6802.5,REVERSAL_ENTRY,SUPER_WALL,LONG_DEFENSE,7.612138568766821,BID_ABSORPTION,PM_SESSION,51650,0,1627,105.3,2025-12-17 13:13:49,Vol: 18869 | Ratio: 0.00 + SUPER_WALL
2025-11-04 10:38:56,2025-11-04,ES.v.0,6846.25,REVERSAL_ENTRY,SINGLE_PRINT,SHORT_DEFENSE,2.2427713753364156,SELLING_TAIL,AM_SESSION,12239,0,4613,407.42,2025-12-19 09:30:22,"Tail (13t) [STRONG: Vol=HIGH, Δ=WEAK, Time=EARLY]"
2025-11-04 14:43:16,2025-11-04,ES.v.0,6795.0,REVERSAL_ENTRY,SINGLE_PRINT,NEUTRAL_ZONE,0.7763439376164516,GAP_ZONE,PM_SESSION,1857,363,1282,98.83,2025-12-17 16:17:45,"Gap (4t) [WEAK: Vol=LOW, Δ=WEAK, Time=LATE] [PM_WEAK]"
2025-11-05 16:29:59,2025-11-05,ES.v.0,6852.0,REVERSAL_ENTRY,SUPER_WALL,SHORT_DEFENSE,10.0,ASK_ABSORPTION,PM_SESSION,98327,0,3570,294.47,2025-12-19 09:30:59,Vol: 15869 | Ratio: 0.00 + WALL
2025-11-05 16:29:59,2025-11-05,ES.v.0,6825.0,TARGET_EXIT,MAGNET,NEUTRAL_ZONE,2.990854958697266,MAGNET,PM_SESSION,32667,0,2793,177.46,2025-12-18 16:12:50,Vol: 16695 | Ratio: 0.00 + MAGNET
2025-11-05 09:35:23,2025-11-05,ES.v.0,6809.25,REVERSAL_ENTRY,SINGLE_PRINT,LONG_DEFENSE,2.0532907933599733,BUYING_TAIL,AM_SESSION,102619,27,1581,100.74,2025-12-17 13:09:27,"Tail (79t) [STRONG: Vol=HIGH, Δ=WEAK, Time=EARLY]"
2025-11-06 16:29:59,2025-11-06,ES.v.0,6760.75,TARGET_EXIT,MAGNET,NEUTRAL_ZONE,10.0,MAGNET,AM_SESSION,40037,0,1658,117.01,2025-11-25 14:50:08,Vol: 13660 | Ratio: 0.00 + MAGNET
2025-11-06 16:29:59,2025-11-06,ES.v.0,6750.0,TARGET_EXIT,MAGNET,NEUTRAL_ZONE,8.180822157945483,MAGNET,PM_SESSION,28261,0,929,46.74,2025-11-25 12:03:41,Vol: 14563 | Ratio: 0.00 + MAGNET
2025-11-06 09:51:27,2025-11-06,ES.v.0,6801.0,REVERSAL_ENTRY,SINGLE_PRINT,SHORT_DEFENSE,5.697256551845035,SELLING_TAIL,AM_SESSION,141058,0,1355,99.28,2025-12-17 13:25:57,"Tail (83t) [STRONG: Vol=HIGH, Δ=WEAK, Time=EARLY]"
2025-11-06 12:26:42,2025-11-06,ES.v.0,6736.5,REVERSAL_ENTRY,SINGLE_PRINT,LONG_DEFENSE,4.3825050398807965,BUYING_TAIL,AM_SESSION,3874,47,1026,59.36,2025-11-25 11:47:17,"Tail (13t) [MODERATE: Vol=LOW, Δ=WEAK, Time=MIDDAY]"
2025-11-07 16:29:59,2025-11-07,ES.v.0,6753.25,REVERSAL_ENTRY,SUPER_WALL,SHORT_DEFENSE,10.0,ASK_ABSORPTION,PM_SESSION,10026,0,819,42.68,2025-11-25 12:08:59,Vol: 10026 | Ratio: 0.00
2025-11-07 16:29:59,2025-11-07,ES.v.0,6697.5,TARGET_EXIT,MAGNET,NEUTRAL_ZONE,8.023878437047756,MAGNET,AM_SESSION,30598,0,1157,67.2,2025-11-25 10:23:14,Vol: 10434 | Ratio: 0.00 + MAGNET
2025-11-07 16:29:59,2025-11-07,ES.v.0,6680.0,TARGET_EXIT,MAGNET,NEUTRAL_ZONE,5.025325615050651,MAGNET,AM_SESSION,10511,0,1238,52.46,2025-11-25 09:50:35,Vol: 10511 | Ratio: 0.00
2025-11-07 16:00:14,2025-11-07,ES.v.0,6755.75,REVERSAL_ENTRY,SINGLE_PRINT,SHORT_DEFENSE,3.61794500723589,SELLING_TAIL,PM_SESSION,33916,0,1497,81.16,2025-11-25 14:41:23,"Tail (28t) [MODERATE: Vol=HIGH, Δ=WEAK, Time=LATE]"
2025-11-07 12:07:07,2025-11-07,ES.v.0,6656.0,REVERSAL_ENTRY,SINGLE_PRINT,NEUTRAL_ZONE,2.0350940665701884,GAP_ZONE,PM_SESSION,4344,38,1807,96.4,2025-11-24 09:56:00,"Gap (6t) [MODERATE: Vol=LOW, Δ=WEAK, Time=MIDDAY] [PM_WEAK]"
2025-11-07 15:44:37,2025-11-07,ES.v.0,6749.0,REVERSAL_ENTRY,SINGLE_PRINT,NEUTRAL_ZONE,2.170767004341534,GAP_ZONE,PM_SESSION,50891,0,789,39.48,2025-11-25 12:02:44,"Gap (33t) [WEAK: Vol=HIGH, Δ=WEAK, Time=LATE]"
2025-11-10 16:29:59,2025-11-10,ES.v.0,6857.0,REVERSAL_ENTRY,SUPER_WALL,SHORT_DEFENSE,10.0,ASK_ABSORPTION,PM_SESSION,100533,0,3582,273.24,2025-12-19 09:38:27,Vol: 20049 | Ratio: 0.00 + SUPER_WALL
2025-11-10 16:29:59,2025-11-10,ES.v.0,6860.0,REVERSAL_ENTRY,WALL,SHORT_DEFENSE,4.307500286927579,ASK_ABSORPTION,PM_SESSION,34607,0,3345,237.51,2025-12-19 09:41:30,Vol: 12419 | Ratio: 0.00 + WALL
2025-11-10 16:29:59,2025-11-10,ES.v.0,6858.5,REVERSAL_ENTRY,WALL,SHORT_DEFENSE,2.6727304028463212,ASK_ABSORPTION,PM_SESSION,11097,0,3306,247.74,2025-12-19 09:38:40,Vol: 11097 | Ratio: 0.00
2025-11-10 11:40:42,2025-11-10,ES.v.0,6794.75,REVERSAL_ENTRY,SINGLE_PRINT,LONG_DEFENSE,1.4346378973946974,BUYING_TAIL,AM_SESSION,1922,8,996,87.06,2025-12-17 16:17:59,"Tail (9t) [MODERATE: Vol=LOW, Δ=WEAK, Time=MIDDAY]"
2025-11-10 15:48:24,2025-11-10,ES.v.0,6865.5,REVERSAL_ENTRY,SINGLE_PRINT,NEUTRAL_ZONE,0.8607827384368184,GAP_ZONE,PM_SESSION,4459,0,2831,258.2,2025-12-19 09:43:10,"Gap (4t) [WEAK: Vol=LOW, Δ=WEAK, Time=LATE]"
2025-11-11 16:29:59,2025-11-11,ES.v.0,6873.25,TARGET_EXIT,MAGNET,NEUTRAL_ZONE,7.0,ASK_ABSORPTION,PM_SESSION,126860,0,2464,159.96,2025-12-19 11:02:55,Vol: 21133 | Ratio: 0.00 + SUPER_WALL [RECLASS: CHOP]
2025-11-11 16:29:59,2025-11-11,ES.v.0,6874.75,REVERSAL_ENTRY,WALL,SHORT_DEFENSE,3.6154106216283752,ASK_ABSORPTION,PM_SESSION,25628,0,2427,169.0,2025-12-19 11:05:06,Vol: 12823 | Ratio: 0.00 + WALL
2025-11-11 12:44:21,2025-11-11,ES.v.0,6860.75,TARGET_EXIT,MAGNET,NEUTRAL_ZONE,0.57878026193941,GAP_ZONE,PM_SESSION,21308,0,3580,242.46,2025-12-19 09:41:32,"Gap (25t) [MODERATE: Vol=HIGH, Δ=WEAK, Time=MIDDAY] [RECLASS: CHOP] [PM_WEAK]"
2025-11-12 16:29:59,2025-11-12,ES.v.0,6878.0,TARGET_EXIT,MAGNET,NEUTRAL_ZONE,10.0,MAGNET,PM_SESSION,19565,0,1781,110.61,2025-12-19 11:51:24,Vol: 19565 | Ratio: 0.00
2025-11-12 16:29:59,2025-11-12,ES.v.0,6876.5,TARGET_EXIT,MAGNET,NEUTRAL_ZONE,9.96626180836707,MAGNET,PM_SESSION,18870,0,1731,114.91,2025-12-19 11:51:10,Vol: 18870 | Ratio: 0.00
2025-11-12 09:31:08,2025-11-12,ES.v.0,6885.5,REVERSAL_ENTRY,SINGLE_PRINT,SHORT_DEFENSE,8.771929824561402,SELLING_TAIL,AM_SESSION,56309,0,1342,97.3,2025-12-19 15:59:58,"Tail (30t) [STRONG: Vol=HIGH, Δ=WEAK, Time=EARLY]"
2025-11-12 11:49:17,2025-11-12,ES.v.0,6854.0,REVERSAL_ENTRY,SINGLE_PRINT,LONG_DEFENSE,6.747638326585696,BUYING_TAIL,AM_SESSION,3499,34,3529,303.22,2025-12-19 09:31:05,"Tail (9t) [MODERATE: Vol=LOW, Δ=WEAK, Time=MIDDAY]"
2025-11-13 16:29:59,2025-11-13,ES.v.0,6760.5,REVERSAL_ENTRY,SUPER_WALL,LONG_DEFENSE,10.0,BID_ABSORPTION,PM_SESSION,91890,0,981,74.88,2025-11-25 14:50:00,Vol: 12481 | Ratio: 0.00 + SUPER_WALL
2025-11-13 16:29:59,2025-11-13,ES.v.0,6758.0,REVERSAL_ENTRY,SUPER_WALL,LONG_DEFENSE,8.00443585077343,BID_ABSORPTION,PM_SESSION,68512,0,1108,63.71,2025-11-25 14:43:42,Vol: 12646 | Ratio: 0.00 + WALL
2025-11-13 16:29:59,2025-11-13,ES.v.0,6762.0,REVERSAL_ENTRY,SUPER_WALL,LONG_DEFENSE,5.220512966333031,BID_ABSORPTION,PM_SESSION,24522,0,1118,78.64,2025-12-16 13:03:35,Vol: 12308 | Ratio: 0.00 + SUPER_WALL
2025-11-13 16:29:59,2025-11-13,ES.v.0,6759.25,REVERSAL_ENTRY,WALL,LONG_DEFENSE,2.6231232939035487,BID_ABSORPTION,PM_SESSION,10144,0,1015,67.81,2025-11-25 14:49:16,Vol: 10144 | Ratio: 0.00
2025-11-13 13:17:55,2025-11-13,ES.v.0,6779.0,TARGET_EXIT,MAGNET,NEUTRAL_ZONE,0.5598128980891719,GAP_ZONE,PM_SESSION,15000,0,1182,75.22,2025-12-17 16:00:08,"Gap (12t) [MODERATE: Vol=HIGH, Δ=WEAK, Time=MIDDAY] [RECLASS: CHOP] [PM_WEAK]"
2025-11-13 10:45:31,2025-11-13,ES.v.0,6813.0,TARGET_EXIT,MAGNET,NEUTRAL_ZONE,0.7464171974522292,GAP_ZONE,AM_SESSION,32080,114,1475,110.43,2025-12-18 12:27:08,"Gap (30t) [MODERATE: Vol=HIGH, Δ=WEAK, Time=EARLY] [RECLASS: CHOP]"
2025-11-13 10:16:30,2025-11-13,ES.v.0,6850.0,REVERSAL_ENTRY,SINGLE_PRINT,NEUTRAL_ZONE,1.0663102820746133,GAP_ZONE,AM_SESSION,1908,0,3672,330.23,2025-12-19 09:30:28,"Gap (5t) [MODERATE: Vol=LOW, Δ=WEAK, Time=EARLY]"
2025-11-14 16:29:59,2025-11-14,ES.v.0,6785.0,REVERSAL_ENTRY,SUPER_WALL,SHORT_DEFENSE,10.0,ASK_ABSORPTION,AM_SESSION,46121,0,857,69.18,2025-12-17 16:05:59,Vol: 9932 | Ratio: 0.00 + SUPER_WALL
2025-11-14 16:29:59,2025-11-14,ES.v.0,6779.5,TARGET_EXIT,MAGNET,NEUTRAL_ZONE,2.4405046811280653,ASK_ABSORPTION,PM_SESSION,8995,0,726,43.68,2025-12-17 16:00:13,Vol: 8995 | Ratio: 0.00 [RECLASS: CHOP]
2025-11-14 16:29:59,2025-11-14,ES.v.0,6765.0,TARGET_EXIT,MAGNET,NEUTRAL_ZONE,3.4711186843062554,MAGNET,PM_SESSION,21649,0,870,62.11,2025-12-16 13:21:12,Vol: 11036 | Ratio: 0.00 + MAGNET
2025-11-14 16:29:59,2025-11-14,ES.v.0,6755.0,TARGET_EXIT,MAGNET,NEUTRAL_ZONE,2.6478528077195533,MAGNET,PM_SESSION,10069,0,552,37.13,2025-11-25 14:41:07,Vol: 10069 | Ratio: 0.00
2025-11-14 09:33:21,2025-11-14,ES.v.0,6707.0,REVERSAL_ENTRY,SINGLE_PRINT,LONG_DEFENSE,2.48894334782026,BUYING_TAIL,AM_SESSION,153348,6,742,32.99,2025-11-25 10:28:33,"Tail (147t) [STRONG: Vol=HIGH, Δ=WEAK, Time=EARLY]"
2025-11-14 10:06:59,2025-11-14,ES.v.0,6728.0,REVERSAL_ENTRY,SINGLE_PRINT,NEUTRAL_ZONE,1.4359288545116882,GAP_ZONE,AM_SESSION,16443,0,811,52.39,2025-11-25 11:18:54,"Gap (12t) [MODERATE: Vol=HIGH, Δ=WEAK, Time=EARLY]"
2025-11-14 10:30:09,2025-11-14,ES.v.0,6742.5,TARGET_EXIT,MAGNET,NEUTRAL_ZONE,1.0051501981581816,GAP_ZONE,AM_SESSION,36235,0,410,31.72,2025-11-25 11:51:35,"Gap (36t) [MODERATE: Vol=HIGH, Δ=WEAK, Time=EARLY] [RECLASS: CHOP]"
2025-11-17 16:29:59,2025-11-17,ES.v.0,6758.0,REVERSAL_ENTRY,SUPER_WALL,SHORT_DEFENSE,10.0,ASK_ABSORPTION,AM_SESSION,31090,0,154,9.34,2025-11-25 14:43:42,Vol: 8343 | Ratio: 0.00 + SUPER_WALL
2025-11-17 16:29:59,2025-11-17,ES.v.0,6760.0,REVERSAL_ENTRY,WALL,SHORT_DEFENSE,3.883219954648526,ASK_ABSORPTION,AM_SESSION,7372,0,176,13.26,2025-11-25 14:49:30,Vol: 7372 | Ratio: 0.00
2025-11-17 16:29:59,2025-11-17,ES.v.0,6695.0,TARGET_EXIT,MAGNET,NEUTRAL_ZONE,3.0067155067155067,MAGNET,PM_SESSION,9830,0,502,22.29,2025-11-25 10:05:31,Vol: 9830 | Ratio: 0.00
2025-11-17 16:29:59,2025-11-17,ES.v.0,6746.75,TARGET_EXIT,MAGNET,NEUTRAL_ZONE,2.9434850863422297,MAGNET,AM_SESSION,8089,0,93,5.7,2025-11-25 12:02:04,Vol: 8089 | Ratio: 0.00
2025-11-17 16:29:59,2025-11-17,ES.v.0,6697.0,TARGET_EXIT,MAGNET,NEUTRAL_ZONE,2.939124367695797,MAGNET,PM_SESSION,7999,0,656,34.23,2025-11-25 10:05:35,Vol: 7999 | Ratio: 0.00
2025-11-17 09:50:43,2025-11-17,ES.v.0,6769.75,REVERSAL_ENTRY,SINGLE_PRINT,SHORT_DEFENSE,2.834467120181406,SELLING_TAIL,AM_SESSION,19089,0,979,75.58,2025-12-16 13:33:16,"Tail (21t) [STRONG: Vol=HIGH, Δ=WEAK, Time=EARLY]"
2025-11-17 15:03:46,2025-11-17,ES.v.0,6663.5,REVERSAL_ENTRY,SINGLE_PRINT,LONG_DEFENSE,2.180359323216466,BUYING_TAIL,PM_SESSION,21852,0,1583,78.5,2025-11-24 09:59:04,"Tail (21t) [MODERATE: Vol=HIGH, Δ=WEAK, Time=LATE]"
2025-11-17 13:58:03,2025-11-17,ES.v.0,6710.5,TARGET_EXIT,MAGNET,NEUTRAL_ZONE,0.8585164835164835,GAP_ZONE,PM_SESSION,19486,0,745,35.28,2025-11-25 10:29:00,"Gap (33t) [MODERATE: Vol=HIGH, Δ=WEAK, Time=MIDDAY] [RECLASS: CHOP] [PM_WEAK]"
2025-11-18 16:29:59,2025-11-18,ES.v.0,6676.5,REVERSAL_ENTRY,WALL,SHORT_DEFENSE,10.0,ASK_ABSORPTION,PM_SESSION,43075,0,826,26.68,2025-11-25 09:50:22,Vol: 11472 | Ratio: 0.00 + WALL
2025-11-18 16:29:59,2025-11-18,ES.v.0,6675.0,REVERSAL_ENTRY,WALL,SHORT_DEFENSE,6.811499971730649,ASK_ABSORPTION,PM_SESSION,20894,0,700,32.0,2025-11-25 09:50:19,Vol: 10726 | Ratio: 0.00 + WALL
2025-11-18 16:29:59,2025-11-18,ES.v.0,6670.0,TARGET_EXIT,MAGNET,NEUTRAL_ZONE,6.500254424153332,MAGNET,PM_SESSION,40729,0,763,31.56,2025-11-24 10:00:00,Vol: 15935 | Ratio: 0.00 + MAGNET
2025-11-18 16:29:59,2025-11-18,ES.v.0,6665.0,TARGET_EXIT,MAGNET,NEUTRAL_ZONE,4.017074687623678,MAGNET,PM_SESSION,13022,0,1061,49.23,2025-11-24 09:59:54,Vol: 13022 | Ratio: 0.00
2025-11-18 11:03:14,2025-11-18,ES.v.0,6603.0,REVERSAL_ENTRY,SINGLE_PRINT,LONG_DEFENSE,2.826935037032849,BUYING_TAIL,AM_SESSION,44805,0,769,35.09,2025-11-21 13:19:06,"Tail (37t) [MODERATE: Vol=HIGH, Δ=WEAK, Time=MIDDAY]"
2025-11-18 13:40:51,2025-11-18,ES.v.0,6685.75,REVERSAL_ENTRY,SINGLE_PRINT,SHORT_DEFENSE,2.120201277774637,SELLING_TAIL,PM_SESSION,3303,0,638,31.14,2025-11-25 09:51:04,"Tail (8t) [MODERATE: Vol=LOW, Δ=WEAK, Time=MIDDAY] [PM_WEAK]"
2025-11-19 16:29:58,2025-11-19,ES.v.0,6661.75,TARGET_EXIT,MAGNET,NEUTRAL_ZONE,10.0,MAGNET,PM_SESSION,53573,0,570,22.83,2025-11-24 09:57:20,Vol: 13540 | Ratio: 0.00 + MAGNET
2025-11-19 10:11:30,2025-11-19,ES.v.0,6701.25,REVERSAL_ENTRY,SINGLE_PRINT,SHORT_DEFENSE,4.797933198007013,SELLING_TAIL,AM_SESSION,52673,0,324,16.83,2025-11-25 10:27:42,"Tail (32t) [STRONG: Vol=HIGH, Δ=WEAK, Time=EARLY]"
2025-11-19 12:40:06,2025-11-19,ES.v.0,6628.0,REVERSAL_ENTRY,SINGLE_PRINT,LONG_DEFENSE,2.7680383834655844,BUYING_TAIL,PM_SESSION,19403,21,818,32.5,2025-11-21 16:15:38,"Tail (25t) [MODERATE: Vol=HIGH, Δ=WEAK, Time=MIDDAY] [PM_WEAK]"
2025-11-20 16:29:59,2025-11-20,ES.v.0,6770.0,REVERSAL_ENTRY,SUPER_WALL,SHORT_DEFENSE,10.0,ASK_ABSORPTION,AM_SESSION,30971,0,426,53.36,2025-12-16 13:33:17,Vol: 9787 | Ratio: 0.00 + WALL
2025-11-20 16:29:59,2025-11-20,ES.v.0,6594.75,TARGET_EXIT,MAGNET,NEUTRAL_ZONE,9.86351416557524,MAGNET,PM_SESSION,80298,0,65,1.07,2025-11-21 11:36:11,Vol: 10936 | Ratio: 0.00 + MAGNET
2025-11-20 16:29:59,2025-11-20,ES.v.0,6767.5,REVERSAL_ENTRY,WALL,SHORT_DEFENSE,9.005537556581881,ASK_ABSORPTION,AM_SESSION,36297,0,523,54.02,2025-12-16 13:29:53,Vol: 7681 | Ratio: 0.00 + WALL
2025-11-20 16:29:59,2025-11-20,ES.v.0,6558.0,REVERSAL_ENTRY,WALL,LONG_DEFENSE,6.610601778451781,BID_ABSORPTION,PM_SESSION,23146,0,398,13.3,2025-11-21 11:20:12,Vol: 8468 | Ratio: 0.00 + WALL
2025-11-20 16:29:59,2025-11-20,ES.v.0,6556.5,REVERSAL_ENTRY,WALL,LONG_DEFENSE,5.3263941545460805,BID_ABSORPTION,PM_SESSION,14491,0,286,9.07,2025-11-21 11:20:10,Vol: 7614 | Ratio: 0.00 + WALL
2025-11-20 16:29:59,2025-11-20,ES.v.0,6775.0,REVERSAL_ENTRY,WALL,SHORT_DEFENSE,4.119850187265918,ASK_ABSORPTION,AM_SESSION,7830,0,163,24.32,2025-12-17 15:59:29,Vol: 7830 | Ratio: 0.00
2025-11-20 16:29:59,2025-11-20,ES.v.0,6765.0,TARGET_EXIT,MAGNET,NEUTRAL_ZONE,2.875853036465154,ASK_ABSORPTION,AM_SESSION,7649,0,336,31.12,2025-12-16 13:21:12,Vol: 7649 | Ratio: 0.00 [RECLASS: CHOP]
2025-11-20 16:29:59,2025-11-20,ES.v.0,6780.0,REVERSAL_ENTRY,WALL,SHORT_DEFENSE,4.094575032742814,ASK_ABSORPTION,AM_SESSION,7392,0,460,38.21,2025-12-17 16:00:19,Vol: 7392 | Ratio: 0.00
2025-11-20 16:29:59,2025-11-20,ES.v.0,6772.0,REVERSAL_ENTRY,WALL,SHORT_DEFENSE,4.064704395579145,ASK_ABSORPTION,AM_SESSION,6936,0,347,36.35,2025-12-16 14:25:43,Vol: 6936 | Ratio: 0.00
2025-11-20 16:29:59,2025-11-20,ES.v.0,6777.0,REVERSAL_ENTRY,WALL,SHORT_DEFENSE,4.057811171618299,ASK_ABSORPTION,AM_SESSION,6848,0,399,30.43,2025-12-17 16:00:00,Vol: 6848 | Ratio: 0.00
2025-11-20 16:29:59,2025-11-20,ES.v.0,6596.0,TARGET_EXIT,MAGNET,NEUTRAL_ZONE,3.152501091427127,MAGNET,PM_SESSION,9353,0,30,0.48,2025-11-21 11:36:15,Vol: 9353 | Ratio: 0.00
2025-11-20 16:00:17,2025-11-20,ES.v.0,6552.25,REVERSAL_ENTRY,SINGLE_PRINT,LONG_DEFENSE,1.83819305622573,BUYING_TAIL,PM_SESSION,2269,34,252,6.7,2025-11-21 11:20:04,"Tail (8t) [WEAK: Vol=LOW, Δ=WEAK, Time=LATE]"
2025-11-21 16:29:59,2025-11-21,ES.v.0,6637.5,TARGET_EXIT,MAGNET,NEUTRAL_ZONE,10.0,MAGNET,PM_SESSION,26583,0,0,0.0,,Vol: 9159 | Ratio: 0.00 + MAGNET
2025-11-21 16:29:59,2025-11-21,ES.v.0,6570.0,TARGET_EXIT,MAGNET,NEUTRAL_ZONE,6.317813487158359,MAGNET,AM_SESSION,9874,0,0,0.0,,Vol: 9874 | Ratio: 0.00
2025-11-21 16:29:59,2025-11-21,ES.v.0,6580.0,TARGET_EXIT,MAGNET,NEUTRAL_ZONE,6.272032230005037,MAGNET,AM_SESSION,9288,0,0,0.0,,Vol: 9288 | Ratio: 0.00
2025-11-21 16:29:59,2025-11-21,ES.v.0,6565.0,TARGET_EXIT,MAGNET,NEUTRAL_ZONE,6.239985349997712,MAGNET,AM_SESSION,8845,0,0,0.0,,Vol: 8845 | Ratio: 0.00
2025-11-21 10:37:13,2025-11-21,ES.v.0,6541.5,REVERSAL_ENTRY,SINGLE_PRINT,LONG_DEFENSE,4.578125715332144,BUYING_TAIL,AM_SESSION,2708,47,0,0.0,,"Tail (11t) [MODERATE: Vol=LOW, Δ=WEAK, Time=EARLY]"
2025-11-21 11:36:07,2025-11-21,ES.v.0,6598.0,TARGET_EXIT,MAGNET,NEUTRAL_ZONE,1.9228128004395004,GAP_ZONE,AM_SESSION,9054,0,0,0.0,,"Gap (16t) [WEAK: Vol=MODERATE, Δ=WEAK, Time=MIDDAY] [RECLASS: CHOP]"
2025-11-24 16:29:59,2025-11-24,ES.v.0,6720.5,TARGET_EXIT,MAGNET,NEUTRAL_ZONE,7.0,ASK_ABSORPTION,PM_SESSION,118108,0,255,11.2,2025-11-25 11:16:11,Vol: 19041 | Ratio: 0.00 + SUPER_WALL [RECLASS: CHOP]
2025-11-24 16:29:59,2025-11-24,ES.v.0,6724.5,REVERSAL_ENTRY,SUPER_WALL,SHORT_DEFENSE,8.271776805500311,ASK_ABSORPTION,PM_SESSION,94680,0,475,29.32,2025-11-25 11:18:24,Vol: 17513 | Ratio: 0.00 + WALL
2025-11-24 16:29:59,2025-11-24,ES.v.0,6722.25,TARGET_EXIT,MAGNET,NEUTRAL_ZONE,4.234146826524234,ASK_ABSORPTION,PM_SESSION,78946,0,393,17.02,2025-11-25 11:16:32,Vol: 16343 | Ratio: 0.00 + WALL [RECLASS: CHOP]
2025-11-24 09:50:23,2025-11-24,ES.v.0,6670.0,REVERSAL_ENTRY,SINGLE_PRINT,LONG_DEFENSE,1.8466958349906246,BUYING_TAIL,AM_SESSION,145307,53,0,0.0,,"Tail (94t) [STRONG: Vol=HIGH, Δ=WEAK, Time=EARLY]"
2025-11-24 15:54:54,2025-11-24,ES.v.0,6729.75,REVERSAL_ENTRY,SINGLE_PRINT,SHORT_DEFENSE,1.4205352576850958,SELLING_TAIL,PM_SESSION,9078,0,67,4.43,2025-11-25 11:26:37,"Tail (9t) [MODERATE: Vol=MODERATE, Δ=WEAK, Time=LATE]"
2025-11-24 10:33:00,2025-11-24,ES.v.0,6693.0,TARGET_EXIT,MAGNET,NEUTRAL_ZONE,0.7457810102846751,GAP_ZONE,AM_SESSION,33336,0,112,3.62,2025-11-25 10:05:28,"Gap (30t) [MODERATE: Vol=HIGH, Δ=WEAK, Time=EARLY] [RECLASS: CHOP]"
2025-11-25 16:29:59,2025-11-25,ES.v.0,6782.0,REVERSAL_ENTRY,SUPER_WALL,SHORT_DEFENSE,10.0,ASK_ABSORPTION,PM_SESSION,71356,0,247,23.37,2025-12-17 16:04:15,Vol: 12550 | Ratio: 0.00 + SUPER_WALL
2025-11-25 16:29:59,2025-11-25,ES.v.0,6780.75,REVERSAL_ENTRY,WALL,SHORT_DEFENSE,2.5892844341854366,ASK_ABSORPTION,PM_SESSION,8342,0,266,22.81,2025-12-17 16:00:21,Vol: 8342 | Ratio: 0.00
2025-11-25 16:29:59,2025-11-25,ES.v.0,6768.0,TARGET_EXIT,MAGNET,NEUTRAL_ZONE,1.995727537312363,MAGNET,PM_SESSION,10699,0,142,18.77,2025-12-16 13:30:03,Vol: 10699 | Ratio: 0.00
2025-11-25 09:50:13,2025-11-25,ES.v.0,6688.75,REVERSAL_ENTRY,SINGLE_PRINT,LONG_DEFENSE,1.8638260046739021,BUYING_TAIL,AM_SESSION,34153,9,0,0.0,,"Tail (58t) [STRONG: Vol=HIGH, Δ=WEAK, Time=EARLY]"
2025-11-25 15:38:53,2025-11-25,ES.v.0,6784.5,REVERSAL_ENTRY,SINGLE_PRINT,SHORT_DEFENSE,1.4337123112876171,SELLING_TAIL,PM_SESSION,59146,0,471,39.75,2025-12-17 16:05:46,"Tail (33t) [MODERATE: Vol=HIGH, Δ=WEAK, Time=LATE]"
2025-11-25 11:40:01,2025-11-25,ES.v.0,6744.0,TARGET_EXIT,MAGNET,NEUTRAL_ZONE,0.752698963425999,GAP_ZONE,AM_SESSION,21963,0,0,0.0,,"Gap (25t) [MODERATE: Vol=HIGH, Δ=WEAK, Time=MIDDAY] [RECLASS: CHOP]"
2025-11-25 12:00:14,2025-11-25,ES.v.0,6752.5,TARGET_EXIT,MAGNET,NEUTRAL_ZONE,0.5645242225694992,GAP_ZONE,PM_SESSION,21865,0,0,0.0,,"Gap (20t) [MODERATE: Vol=HIGH, Δ=WEAK, Time=MIDDAY] [RECLASS: CHOP] [PM_WEAK]"
2025-11-26 16:29:59,2025-11-26,ES.v.0,6842.0,REVERSAL_ENTRY,SUPER_WALL,SHORT_DEFENSE,10.0,ASK_ABSORPTION,PM_SESSION,91034,0,3050,243.32,2025-12-19 09:29:33,Vol: 16507 | Ratio: 0.00 + SUPER_WALL
2025-11-26 16:29:59,2025-11-26,ES.v.0,6836.25,TARGET_EXIT,MAGNET,NEUTRAL_ZONE,2.3909292580724677,MAGNET,PM_SESSION,16366,0,2277,166.28,2025-12-19 09:28:04,Vol: 16366 | Ratio: 0.00
2025-11-26 10:00:04,2025-11-26,ES.v.0,6799.75,REVERSAL_ENTRY,SINGLE_PRINT,LONG_DEFENSE,1.6432503491906993,BUYING_TAIL,AM_SESSION,5301,5,654,62.9,2025-12-17 13:37:17,"Tail (17t) [MODERATE: Vol=MODERATE, Δ=WEAK, Time=EARLY]"
2025-11-27 12:59:59,2025-11-27,ES.v.0,6828.0,TARGET_EXIT,MAGNET,NEUTRAL_ZONE,10.0,MAGNET,AM_SESSION,2703,0,2805,193.74,2025-12-18 16:10:17,Vol: 2703 | Ratio: 0.00
2025-11-27 09:30:00,2025-11-27,ES.v.0,6829.25,REVERSAL_ENTRY,SINGLE_PRINT,SHORT_DEFENSE,8.438818565400844,SELLING_TAIL,AM_SESSION,1573,0,2818,181.81,2025-12-18 16:01:25,"Tail (11t) [MODERATE: Vol=LOW, Δ=WEAK, Time=EARLY]"
2025-11-28 13:14:59,2025-11-28,ES.v.0,6859.75,REVERSAL_ENTRY,WALL,SHORT_DEFENSE,7.5,ASK_ABSORPTION,PM_SESSION,15017,0,2938,212.07,2025-12-19 09:41:29,Vol: 5107 | Ratio: 0.00 + WALL [PM_WEAK]
2025-11-28 13:14:59,2025-11-28,ES.v.0,6854.25,TARGET_EXIT,MAGNET,NEUTRAL_ZONE,4.749166330755982,MAGNET,AM_SESSION,5642,0,3176,272.57,2025-12-19 09:38:16,Vol: 5642 | Ratio: 0.00
2025-11-28 13:14:59,2025-11-28,ES.v.0,6852.0,TARGET_EXIT,MAGNET,NEUTRAL_ZONE,4.719850489208106,MAGNET,AM_SESSION,5376,0,2982,235.02,2025-12-19 09:30:59,Vol: 5376 | Ratio: 0.00
2025-11-28 09:41:13,2025-11-28,ES.v.0,6836.25,REVERSAL_ENTRY,SINGLE_PRINT,LONG_DEFENSE,3.664480193484554,BUYING_TAIL,AM_SESSION,6717,7,2147,151.15,2025-12-19 09:28:04,"Tail (21t) [MODERATE: Vol=MODERATE, Δ=WEAK, Time=EARLY]"
2025-12-01 16:29:58,2025-12-01,ES.v.0,6828.0,TARGET_EXIT,MAGNET,NEUTRAL_ZONE,10.0,MAGNET,PM_SESSION,34380,0,2132,134.62,2025-12-18 16:10:17,Vol: 17374 | Ratio: 0.00 + MAGNET
2025-12-01 09:32:24,2025-12-01,ES.v.0,6813.0,REVERSAL_ENTRY,SINGLE_PRINT,NEUTRAL_ZONE,3.9425958050780636,GAP_ZONE,AM_SESSION,2594,52,1067,84.55,2025-12-18 12:27:08,"Gap (4t) [MODERATE: Vol=LOW, Δ=WEAK, Time=EARLY]"
2025-12-01 13:45:24,2025-12-01,ES.v.0,6855.0,REVERSAL_ENTRY,SINGLE_PRINT,NEUTRAL_ZONE,2.9569468538085477,GAP_ZONE,PM_SESSION,8117,0,3116,264.36,2025-12-19 09:38:22,"Gap (6t) [MODERATE: Vol=MODERATE, Δ=WEAK, Time=MIDDAY] [PM_WEAK]"
2025-12-02 16:29:57,2025-12-02,ES.v.0,6840.5,TARGET_EXIT,MAGNET,NEUTRAL_ZONE,10.0,MAGNET,AM_SESSION,37857,0,1744,133.31,2025-12-19 09:28:14,Vol: 19080 | Ratio: 0.00 + MAGNET
2025-12-02 11:32:23,2025-12-02,ES.v.0,6821.0,REVERSAL_ENTRY,SINGLE_PRINT,LONG_DEFENSE,5.206164098292378,BUYING_TAIL,AM_SESSION,9309,0,1738,158.62,2025-12-18 16:27:15,"Tail (13t) [MODERATE: Vol=MODERATE, Δ=WEAK, Time=MIDDAY]"
2025-12-02 11:02:02,2025-12-02,ES.v.0,6863.0,REVERSAL_ENTRY,SINGLE_PRINT,NEUTRAL_ZONE,3.904623073719284,GAP_ZONE,AM_SESSION,3349,0,2645,191.17,2025-12-19 09:43:01,"Gap (6t) [MODERATE: Vol=LOW, Δ=WEAK, Time=MIDDAY]"
2025-12-03 16:29:59,2025-12-03,ES.v.0,6867.0,REVERSAL_ENTRY,WALL,SHORT_DEFENSE,10.0,ASK_ABSORPTION,PM_SESSION,50938,0,2373,190.16,2025-12-19 10:27:52,Vol: 13782 | Ratio: 0.00 + WALL
2025-12-03 16:29:59,2025-12-03,ES.v.0,6862.5,TARGET_EXIT,MAGNET,NEUTRAL_ZONE,6.591237227898712,MAGNET,PM_SESSION,56026,0,2446,152.23,2025-12-19 09:43:00,Vol: 21585 | Ratio: 0.00 + MAGNET
2025-12-03 09:53:36,2025-12-03,ES.v.0,6830.75,REVERSAL_ENTRY,SINGLE_PRINT,LONG_DEFENSE,3.6095068858285204,BUYING_TAIL,AM_SESSION,61986,0,1530,89.92,2025-12-18 15:59:56,"Tail (43t) [STRONG: Vol=HIGH, Δ=WEAK, Time=EARLY]"
2025-12-03 15:10:17,2025-12-03,ES.v.0,6872.5,REVERSAL_ENTRY,SINGLE_PRINT,NEUTRAL_ZONE,2.0824078187472237,GAP_ZONE,PM_SESSION,5325,0,1835,110.76,2025-12-19 11:02:52,"Gap (6t) [MODERATE: Vol=MODERATE, Δ=WEAK, Time=LATE]"
2025-12-04 16:29:59,2025-12-04,ES.v.0,6866.0,TARGET_EXIT,MAGNET,NEUTRAL_ZONE,10.0,MAGNET,PM_SESSION,40729,0,1680,125.7,2025-12-19 09:43:31,Vol: 20733 | Ratio: 0.00 + MAGNET
2025-12-04 09:33:59,2025-12-04,ES.v.0,6871.25,REVERSAL_ENTRY,SINGLE_PRINT,SHORT_DEFENSE,6.7121024370095,SELLING_TAIL,AM_SESSION,31424,0,1737,123.62,2025-12-19 11:02:15,"Tail (23t) [STRONG: Vol=HIGH, Δ=WEAK, Time=EARLY]"
2025-12-04 14:23:13,2025-12-04,ES.v.0,6842.5,REVERSAL_ENTRY,SINGLE_PRINT,LONG_DEFENSE,3.872366790582404,BUYING_TAIL,PM_SESSION,22227,73,1737,136.54,2025-12-19 09:29:33,"Tail (26t) [MODERATE: Vol=HIGH, Δ=WEAK, Time=LATE] [PM_WEAK]"
2025-12-05 16:29:55,2025-12-05,ES.v.0,6880.0,TARGET_EXIT,MAGNET,NEUTRAL_ZONE,10.0,MAGNET,PM_SESSION,43908,0,1006,59.12,2025-12-19 15:44:39,Vol: 22733 | Ratio: 0.00 + MAGNET
2025-12-05 10:32:09,2025-12-05,ES.v.0,6904.5,REVERSAL_ENTRY,SINGLE_PRINT,NEUTRAL_ZONE,3.8398525496620928,GAP_ZONE,AM_SESSION,2217,0,621,72.22,2025-12-31 15:47:22,"Gap (4t) [MODERATE: Vol=LOW, Δ=WEAK, Time=EARLY]"
2025-12-08 16:29:59,2025-12-08,ES.v.0,6856.5,TARGET_EXIT,MAGNET,NEUTRAL_ZONE,10.0,MAGNET,PM_SESSION,51029,0,1493,127.88,2025-12-19 09:38:23,Vol: 17893 | Ratio: 0.00 + MAGNET
2025-12-08 09:38:26,2025-12-08,ES.v.0,6877.5,REVERSAL_ENTRY,SINGLE_PRINT,SHORT_DEFENSE,5.547968589962444,SELLING_TAIL,AM_SESSION,71536,0,902,52.49,2025-12-19 11:51:13,"Tail (36t) [STRONG: Vol=HIGH, Δ=WEAK, Time=EARLY]"
2025-12-08 13:58:35,2025-12-08,ES.v.0,6835.5,REVERSAL_ENTRY,SINGLE_PRINT,NEUTRAL_ZONE,2.400563332195288,GAP_ZONE,PM_SESSION,1895,0,1030,85.13,2025-12-19 09:27:53,"Gap (4t) [MODERATE: Vol=LOW, Δ=WEAK, Time=MIDDAY] [PM_WEAK]"
2025-12-09 16:29:57,2025-12-09,ES.v.0,6861.5,TARGET_EXIT,MAGNET,NEUTRAL_ZONE,10.0,MAGNET,AM_SESSION,32263,0,1068,44.95,2025-12-19 09:41:47,Vol: 16364 | Ratio: 0.00 + MAGNET
2025-12-10 16:29:59,2025-12-10,ES.v.0,6849.0,TARGET_EXIT,MAGNET,NEUTRAL_ZONE,10.0,MAGNET,AM_SESSION,52878,0,1181,74.71,2025-12-19 09:30:28,Vol: 13683 | Ratio: 0.00 + MAGNET
2025-12-10 16:29:59,2025-12-10,ES.v.0,6842.0,REVERSAL_ENTRY,WALL,LONG_DEFENSE,6.756507291858965,BID_ABSORPTION,AM_SESSION,9405,0,1140,72.57,2025-12-19 09:29:33,Vol: 9405 | Ratio: 0.00
2025-12-10 09:36:21,2025-12-10,ES.v.0,6831.5,REVERSAL_ENTRY,SINGLE_PRINT,NEUTRAL_ZONE,2.769060365515969,GAP_ZONE,AM_SESSION,3232,0,1568,107.56,2025-12-19 09:03:23,"Gap (6t) [MODERATE: Vol=LOW, Δ=WEAK, Time=EARLY]"
2025-12-10 14:34:06,2025-12-10,ES.v.0,6880.0,TARGET_EXIT,MAGNET,NEUTRAL_ZONE,1.1630053535167069,GAP_ZONE,PM_SESSION,43722,0,730,47.75,2025-12-19 15:44:39,"Gap (38t) [WEAK: Vol=HIGH, Δ=WEAK, Time=LATE] [RECLASS: CHOP] [PM_WEAK]"
2025-12-10 15:33:56,2025-12-10,ES.v.0,6907.5,REVERSAL_ENTRY,SINGLE_PRINT,NEUTRAL_ZONE,2.215248292412775,GAP_ZONE,PM_SESSION,1689,0,415,32.67,2025-12-31 15:45:05,"Gap (5t) [WEAK: Vol=LOW, Δ=WEAK, Time=LATE]"
2025-12-11 16:29:58,2025-12-11,ES.v.0,6869.0,TARGET_EXIT,MAGNET,NEUTRAL_ZONE,10.0,MAGNET,AM_SESSION,41118,0,611,59.24,2025-12-19 11:01:07,Vol: 14462 | Ratio: 0.00 + MAGNET
2025-12-11 16:29:58,2025-12-11,ES.v.0,6908.0,TARGET_EXIT,MAGNET,NEUTRAL_ZONE,6.218091373216389,MAGNET,PM_SESSION,13369,0,94,10.38,2025-12-31 15:38:14,Vol: 13369 | Ratio: 0.00
2025-12-11 16:00:07,2025-12-11,ES.v.0,6909.5,REVERSAL_ENTRY,SINGLE_PRINT,SHORT_DEFENSE,4.363572893485185,SELLING_TAIL,PM_SESSION,12566,0,68,4.77,2025-12-31 15:37:41,"Tail (22t) [MODERATE: Vol=HIGH, Δ=WEAK, Time=LATE]"
2025-12-11 10:00:06,2025-12-11,ES.v.0,6838.5,REVERSAL_ENTRY,SINGLE_PRINT,NEUTRAL_ZONE,3.272679670113889,GAP_ZONE,AM_SESSION,1094,46,987,77.65,2025-12-19 09:28:08,"Gap (5t) [MODERATE: Vol=LOW, Δ=WEAK, Time=EARLY]"
2025-12-12 16:29:59,2025-12-12,ES.v.0,6831.25,TARGET_EXIT,MAGNET,NEUTRAL_ZONE,10.0,MAGNET,PM_SESSION,111412,0,629,46.72,2025-12-19 09:03:20,Vol: 24470 | Ratio: 0.00 + MAGNET
2025-12-12 09:48:03,2025-12-12,ES.v.0,6889.75,REVERSAL_ENTRY,SINGLE_PRINT,SHORT_DEFENSE,3.923225494929985,SELLING_TAIL,AM_SESSION,123199,0,618,91.43,2025-12-31 15:59:29,"Tail (54t) [STRONG: Vol=HIGH, Δ=WEAK, Time=EARLY]"
2025-12-12 11:38:23,2025-12-12,ES.v.0,6810.0,REVERSAL_ENTRY,SINGLE_PRINT,LONG_DEFENSE,3.017865765330758,BUYING_TAIL,AM_SESSION,18756,81,962,69.36,2025-12-17 13:09:13,"Tail (21t) [MODERATE: Vol=HIGH, Δ=WEAK, Time=MIDDAY]"
2025-12-12 10:09:17,2025-12-12,ES.v.0,6877.75,REVERSAL_ENTRY,SINGLE_PRINT,NEUTRAL_ZONE,2.2633993239980685,GAP_ZONE,AM_SESSION,105067,0,373,27.29,2025-12-19 11:51:20,"Gap (63t) [MODERATE: Vol=HIGH, Δ=WEAK, Time=EARLY]"
2025-12-15 16:29:55,2025-12-15,ES.v.0,6821.25,TARGET_EXIT,MAGNET,NEUTRAL_ZONE,10.0,MAGNET,PM_SESSION,34221,0,508,38.01,2025-12-18 16:28:52,Vol: 11557 | Ratio: 0.00 + MAGNET
2025-12-15 09:51:01,2025-12-15,ES.v.0,6844.25,REVERSAL_ENTRY,SINGLE_PRINT,SHORT_DEFENSE,5.795809184128401,SELLING_TAIL,AM_SESSION,48085,10,677,43.91,2025-12-19 09:29:37,"Tail (111t) [STRONG: Vol=HIGH, Δ=WEAK, Time=EARLY]"
2025-12-15 10:29:10,2025-12-15,ES.v.0,6806.75,REVERSAL_ENTRY,SINGLE_PRINT,NEUTRAL_ZONE,3.3437360677663848,GAP_ZONE,AM_SESSION,776,0,611,43.56,2025-12-17 13:09:58,"Gap (5t) [MODERATE: Vol=LOW, Δ=WEAK, Time=EARLY]"
2025-12-16 16:29:59,2025-12-16,ES.v.0,6800.25,TARGET_EXIT,MAGNET,NEUTRAL_ZONE,10.0,MAGNET,PM_SESSION,13611,0,280,20.62,2025-12-17 13:26:14,Vol: 5731 | Ratio: 0.00 + MAGNET
2025-12-16 13:03:30,2025-12-16,ES.v.0,6766.75,REVERSAL_ENTRY,SINGLE_PRINT,LONG_DEFENSE,3.671251652063243,BUYING_TAIL,PM_SESSION,4168,6,0,0.0,,"Tail (20t) [MODERATE: Vol=LOW, Δ=WEAK, Time=MIDDAY] [PM_WEAK]"
2025-12-17 16:29:58,2025-12-17,ES.v.0,6790.0,REVERSAL_ENTRY,SUPER_WALL,LONG_DEFENSE,10.0,BID_ABSORPTION,PM_SESSION,85093,0,0,0.0,,Vol: 12458 | Ratio: 0.00 + SUPER_WALL
2025-12-17 16:29:58,2025-12-17,ES.v.0,6787.25,REVERSAL_ENTRY,SUPER_WALL,LONG_DEFENSE,7.614019167044784,BID_ABSORPTION,PM_SESSION,58616,0,0,0.0,,Vol: 10917 | Ratio: 0.00 + WALL
2025-12-17 16:29:58,2025-12-17,ES.v.0,6788.75,REVERSAL_ENTRY,SUPER_WALL,LONG_DEFENSE,3.8251591524701296,BID_ABSORPTION,PM_SESSION,10661,0,0,0.0,,Vol: 10661 | Ratio: 0.00
2025-12-17 16:29:58,2025-12-17,ES.v.0,6777.25,REVERSAL_ENTRY,WALL,LONG_DEFENSE,2.516190240481789,BID_ABSORPTION,PM_SESSION,9410,0,0,0.0,,Vol: 9410 | Ratio: 0.00
2025-12-17 09:30:01,2025-12-17,ES.v.0,6862.5,REVERSAL_ENTRY,SINGLE_PRINT,SHORT_DEFENSE,1.787457547883238,SELLING_TAIL,AM_SESSION,32736,0,382,22.83,2025-12-19 09:43:00,"Tail (36t) [STRONG: Vol=HIGH, Δ=WEAK, Time=EARLY]"
2025-12-17 15:58:59,2025-12-17,ES.v.0,6776.0,REVERSAL_ENTRY,SINGLE_PRINT,NEUTRAL_ZONE,1.031225508394176,GAP_ZONE,PM_SESSION,7848,33,0,0.0,,"Gap (5t) [MODERATE: Vol=MODERATE, Δ=WEAK, Time=LATE]"
2025-12-17 10:44:26,2025-12-17,ES.v.0,6831.25,TARGET_EXIT,MAGNET,NEUTRAL_ZONE,0.7218578558759231,GAP_ZONE,AM_SESSION,77827,0,489,34.55,2025-12-19 09:03:20,"Gap (81t) [MODERATE: Vol=HIGH, Δ=WEAK, Time=EARLY] [RECLASS: CHOP]"
2025-12-18 16:29:58,2025-12-18,ES.v.0,6828.75,TARGET_EXIT,MAGNET,NEUTRAL_ZONE,10.0,MAGNET,PM_SESSION,59660,0,0,0.0,,Vol: 22005 | Ratio: 0.00 + MAGNET
2025-12-18 12:26:35,2025-12-18,ES.v.0,6816.0,REVERSAL_ENTRY,SINGLE_PRINT,LONG_DEFENSE,3.14346787375833,BUYING_TAIL,PM_SESSION,21050,0,0,0.0,,"Tail (18t) [MODERATE: Vol=HIGH, Δ=WEAK, Time=MIDDAY] [PM_WEAK]"
2025-12-19 16:29:57,2025-12-19,ES.v.0,6888.25,TARGET_EXIT,MAGNET,NEUTRAL_ZONE,7.0,ASK_ABSORPTION,PM_SESSION,170972,0,0,0.0,,Vol: 25346 | Ratio: 0.00 + SUPER_WALL [RECLASS: CHOP]
2025-12-19 16:29:57,2025-12-19,ES.v.0,6887.0,TARGET_EXIT,MAGNET,NEUTRAL_ZONE,5.012742242262214,ASK_ABSORPTION,PM_SESSION,99793,0,0,0.0,,Vol: 23463 | Ratio: 0.00 + WALL [RECLASS: CHOP]
2025-12-19 09:30:01,2025-12-19,ES.v.0,6866.5,REVERSAL_ENTRY,SINGLE_PRINT,LONG_DEFENSE,1.7291142944548636,BUYING_TAIL,AM_SESSION,104594,18,0,0.0,,"Tail (84t) [STRONG: Vol=HIGH, Δ=WEAK, Time=EARLY]"
2025-12-22 16:29:55,2025-12-22,ES.v.0,6930.0,TARGET_EXIT,MAGNET,NEUTRAL_ZONE,10.0,MAGNET,PM_SESSION,65435,0,430,27.6,2025-12-31 14:18:10,Vol: 33796 | Ratio: 0.00 + MAGNET
2025-12-22 10:37:18,2025-12-22,ES.v.0,6910.75,REVERSAL_ENTRY,SINGLE_PRINT,LONG_DEFENSE,4.925623091321053,BUYING_TAIL,AM_SESSION,5258,15,9,0.73,2025-12-31 15:05:51,"Tail (10t) [MODERATE: Vol=MODERATE, Δ=WEAK, Time=EARLY]"
2025-12-22 12:55:37,2025-12-22,ES.v.0,6935.75,REVERSAL_ENTRY,SINGLE_PRINT,NEUTRAL_ZONE,2.7706629888680916,GAP_ZONE,PM_SESSION,3359,0,268,19.85,2025-12-31 14:03:26,"Gap (5t) [MODERATE: Vol=LOW, Δ=WEAK, Time=MIDDAY] [PM_WEAK]"
2025-12-23 16:29:58,2025-12-23,ES.v.0,6960.75,REVERSAL_ENTRY,SUPER_WALL,SHORT_DEFENSE,10.0,ASK_ABSORPTION,PM_SESSION,153010,0,323,51.72,2025-12-30 11:22:49,Vol: 26690 | Ratio: 0.00 + SUPER_WALL
2025-12-23 16:29:58,2025-12-23,ES.v.0,6959.5,REVERSAL_ENTRY,WALL,SHORT_DEFENSE,3.2527407725091804,ASK_ABSORPTION,PM_SESSION,21987,0,436,51.15,2025-12-30 11:25:06,Vol: 11586 | Ratio: 0.00 + WALL
2025-12-23 09:30:00,2025-12-23,ES.v.0,6923.75,REVERSAL_ENTRY,SINGLE_PRINT,LONG_DEFENSE,1.3402310558340258,BUYING_TAIL,AM_SESSION,3660,0,391,50.88,2025-12-31 14:31:33,"Tail (21t) [MODERATE: Vol=LOW, Δ=WEAK, Time=EARLY]"
2025-12-23 13:07:21,2025-12-23,ES.v.0,6955.0,TARGET_EXIT,MAGNET,NEUTRAL_ZONE,0.5277159782346477,GAP_ZONE,PM_SESSION,13915,0,763,73.27,2025-12-30 14:30:47,"Gap (10t) [MODERATE: Vol=HIGH, Δ=WEAK, Time=MIDDAY] [RECLASS: CHOP] [PM_WEAK]"
2025-12-23 15:56:25,2025-12-23,ES.v.0,6963.0,REVERSAL_ENTRY,SINGLE_PRINT,NEUTRAL_ZONE,1.0051732918755194,GAP_ZONE,PM_SESSION,8740,0,207,16.58,2025-12-29 15:15:52,"Gap (6t) [MODERATE: Vol=MODERATE, Δ=WEAK, Time=LATE]"
2025-12-24 13:14:59,2025-12-24,ES.v.0,6984.5,REVERSAL_ENTRY,SUPER_WALL,SHORT_DEFENSE,10.0,ASK_ABSORPTION,AM_SESSION,32899,0,253,36.53,2025-12-26 11:08:33,Vol: 12702 | Ratio: 0.00 + WALL
2025-12-24 13:14:59,2025-12-24,ES.v.0,6983.0,TARGET_EXIT,MAGNET,NEUTRAL_ZONE,3.564723194803877,MAGNET,AM_SESSION,11674,0,358,47.32,2025-12-26 11:11:07,Vol: 11674 | Ratio: 0.00
2025-12-24 09:30:00,2025-12-24,ES.v.0,6964.75,REVERSAL_ENTRY,SINGLE_PRINT,LONG_DEFENSE,3.2983203937687118,BUYING_TAIL,AM_SESSION,48981,0,51,2.9,2025-12-29 09:39:42,"Tail (31t) [STRONG: Vol=HIGH, Δ=WEAK, Time=EARLY]"
2025-12-24 10:05:27,2025-12-24,ES.v.0,6968.5,TARGET_EXIT,MAGNET,NEUTRAL_ZONE,1.3320140051758256,GAP_ZONE,AM_SESSION,11208,0,4,0.02,2025-12-26 13:23:47,"Gap (10t) [MODERATE: Vol=HIGH, Δ=WEAK, Time=EARLY] [RECLASS: CHOP]"
2025-12-24 10:42:04,2025-12-24,ES.v.0,6973.0,TARGET_EXIT,MAGNET,NEUTRAL_ZONE,1.3320140051758256,GAP_ZONE,AM_SESSION,8575,0,224,34.97,2025-12-26 13:30:59,"Gap (5t) [MODERATE: Vol=MODERATE, Δ=WEAK, Time=EARLY] [RECLASS: CHOP]"
2025-12-24 12:30:16,2025-12-24,ES.v.0,6987.5,REVERSAL_ENTRY,SINGLE_PRINT,NEUTRAL_ZONE,1.4271578626883847,GAP_ZONE,PM_SESSION,8391,0,81,5.57,2025-12-26 09:56:19,"Gap (6t) [MODERATE: Vol=MODERATE, Δ=WEAK, Time=MIDDAY] [PM_WEAK]"
2025-12-24 11:00:34,2025-12-24,ES.v.0,6976.0,TARGET_EXIT,MAGNET,NEUTRAL_ZONE,1.0656112041406605,GAP_ZONE,AM_SESSION,3748,0,408,55.18,2025-12-26 14:27:22,"Gap (5t) [WEAK: Vol=LOW, Δ=WEAK, Time=MIDDAY] [RECLASS: CHOP]"
2025-12-26 16:29:55,2025-12-26,ES.v.0,6978.5,TARGET_EXIT,MAGNET,NEUTRAL_ZONE,10.0,MAGNET,PM_SESSION,24433,0,0,0.0,,Vol: 24433 | Ratio: 0.00
2025-12-26 09:33:57,2025-12-26,ES.v.0,6987.0,REVERSAL_ENTRY,SINGLE_PRINT,SHORT_DEFENSE,8.575197889182057,SELLING_TAIL,AM_SESSION,43118,0,0,0.0,,"Tail (29t) [STRONG: Vol=HIGH, Δ=WEAK, Time=EARLY]"
2025-12-26 13:23:46,2025-12-26,ES.v.0,6969.75,REVERSAL_ENTRY,SINGLE_PRINT,NEUTRAL_ZONE,3.7104221635883903,GAP_ZONE,PM_SESSION,1529,45,0,0.0,,"Gap (7t) [MODERATE: Vol=LOW, Δ=WEAK, Time=MIDDAY] [PM_WEAK]"
2025-12-29 16:29:58,2025-12-29,ES.v.0,6955.25,TARGET_EXIT,MAGNET,NEUTRAL_ZONE,10.0,MAGNET,PM_SESSION,33416,0,188,16.35,2025-12-30 11:36:44,Vol: 17938 | Ratio: 0.00 + MAGNET
2025-12-29 09:36:34,2025-12-29,ES.v.0,6962.75,REVERSAL_ENTRY,SINGLE_PRINT,SHORT_DEFENSE,6.830960012611004,SELLING_TAIL,AM_SESSION,21821,0,0,0.0,,"Tail (21t) [STRONG: Vol=HIGH, Δ=WEAK, Time=EARLY]"
2025-12-29 12:28:11,2025-12-29,ES.v.0,6936.5,REVERSAL_ENTRY,SINGLE_PRINT,NEUTRAL_ZONE,2.9557038516105303,GAP_ZONE,PM_SESSION,876,38,38,2.15,2025-12-31 09:56:29,"Gap (5t) [MODERATE: Vol=LOW, Δ=WEAK, Time=MIDDAY] [PM_WEAK]"
2025-12-30 16:29:57,2025-12-30,ES.v.0,6951.25,TARGET_EXIT,MAGNET,NEUTRAL_ZONE,10.0,MAGNET,AM_SESSION,21551,0,13,1.22,2025-12-31 09:02:26,Vol: 21551 | Ratio: 0.00
2025-12-30 10:42:15,2025-12-30,ES.v.0,6941.5,REVERSAL_ENTRY,SINGLE_PRINT,NEUTRAL_ZONE,5.0100200400801596,GAP_ZONE,AM_SESSION,5642,0,41,3.07,2025-12-31 09:35:57,"Gap (6t) [MODERATE: Vol=MODERATE, Δ=WEAK, Time=EARLY]"
2025-12-31 16:29:58,2025-12-31,ES.v.0,6892.75,REVERSAL_ENTRY,SUPER_WALL,LONG_DEFENSE,10.0,BID_ABSORPTION,PM_SESSION,42321,0,0,0.0,,Vol: 12826 | Ratio: 0.00 + SUPER_WALL
2025-12-31 16:29:58,2025-12-31,ES.v.0,6923.0,TARGET_EXIT,MAGNET,NEUTRAL_ZONE,2.9306332935035533,MAGNET,AM_SESSION,11163,0,0,0.0,,Vol: 11163 | Ratio: 0.00
2025-12-31 09:37:01,2025-12-31,ES.v.0,6935.5,REVERSAL_ENTRY,SINGLE_PRINT,SHORT_DEFENSE,2.725195480368111,SELLING_TAIL,AM_SESSION,33895,0,0,0.0,,"Tail (49t) [STRONG: Vol=HIGH, Δ=WEAK, Time=EARLY]"
2025-12-31 15:59:27,2025-12-31,ES.v.0,6890.75,REVERSAL_ENTRY,SINGLE_PRINT,NEUTRAL_ZONE,1.5722281617508331,GAP_ZONE,PM_SESSION,8640,0,0,0.0,,"Gap (5t) [MODERATE: Vol=MODERATE, Δ=WEAK, Time=LATE]"
2025-12-31 15:00:48,2025-12-31,ES.v.0,6910.75,REVERSAL_ENTRY,SINGLE_PRINT,NEUTRAL_ZONE,1.2577825294006664,GAP_ZONE,PM_SESSION,4964,0,0,0.0,,"Gap (11t) [WEAK: Vol=LOW, Δ=WEAK, Time=LATE]"
